strain,type,rating,effects,flavor
100-Og,hybrid,4.0,"Creative,Energetic,Tingly,Euphoric,Relaxed","Citrus,Sweet,Earthy"
1024,sativa,4.4,"Uplifted,Happy,Relaxed,Energetic,Creative","Spicy,Herbal, Sage, Woody"
13-Dawgs,hybrid,4.2,"Tingly,Creative,Hungry,Relaxed,Uplifted","Grapefruit,Citrus,Apricot"
24K-Gold,hybrid,4.6,"Happy,Relaxed,Euphoric,Uplifted,Talkative","Citrus,Orange,Earthy"
3-Bears-Og,indica,4.5,"Relaxed, Euphoric"," Earthy,Sweet, Pungent"
3-Kings,hybrid,4.4,"Relaxed,Euphoric,Happy,Uplifted,Hungry","Pungent,Sweet,Earthy"
303-Og,indica,4.2,"Relaxed,Happy,Euphoric,Uplifted,Giggly","Pungent,Citrus,Earthy"
3D-Cbd,sativa,4.6,"Uplifted,Focused,Happy,Talkative,Relaxed","Flowery,Woody,Earthy"
3Rd-Coast-Panama-Chunk,hybrid,4.7,"Energetic,Happy,Talkative,Uplifted","Diesel,Pine"
3X-Crazy,indica,4.4,"Relaxed,Tingly,Happy,Euphoric,Uplifted","Sweet,Grape,Earthy"
501St-Og,hybrid,4.5,"Relaxed,Euphoric,Sleepy,Happy,Talkative","Skunk,Pine,Earthy"
5Th-Element,indica,4.4,"Relaxed,Focused,Euphoric,Uplifted,Aroused","Woody,Pine,Earthy"
707-Headband,hybrid,4.3,"Euphoric,Happy,Uplifted,Talkative,Creative","Pungent,Woody,Earthy"
8-Ball-Kush,indica,4.3,"Relaxed,Uplifted,Happy,Creative,Euphoric","Citrus,Pine,Earthy"
818-Og,indica,4.7,"Relaxed,Happy,Euphoric,Giggly,Sleepy","Diesel,Flowery,Earthy"
831-Og,indica,5.0,"Relaxed, Hungry, Creative","Spicy, Pepper, Citrus"
9-Pound-Hammer,indica,4.5,"Relaxed,Sleepy,Euphoric,Happy,Hungry","Berry,Sweet,Earthy"
91-Krypt,indica,4.7,"Relaxed,Euphoric,Happy,Hungry,Uplifted","Pungent,Berry,Earthy"
98-White-Widow,hybrid,4.7,"Relaxed,Aroused,Creative,Happy,Energetic","Violet,Flowery,Diesel"
A-10,indica,3.8,"Relaxed,Focused,Happy,Sleepy,Uplifted","Pungent,Citrus,Sweet"
A-Dub,hybrid,4.4,"Relaxed,Happy,Euphoric,Uplifted,Sleepy","Diesel,Pepper,Earthy"
A-Train,hybrid,4.1,"Creative,Euphoric,Relaxed,Happy,Hungry","Citrus,Woody,Earthy"
Aberdeen,hybrid,4.3,"Uplifted,Euphoric,Giggly,Energetic,Sleepy","Menthol,Blueberry,Cheese,Chemical"
Abusive-Og,indica,4.5,"Relaxed,Euphoric,Sleepy,Happy,Giggly","Diesel,Pine,Earthy"
Acapulco-Gold,sativa,4.5,"Happy,Uplifted,Euphoric,Energetic,Relaxed","Pungent,Sweet,Earthy"
Acdc,hybrid,4.5,"Relaxed,Happy,Uplifted,Focused,Euphoric","Woody,Pine,Earthy"
Ace-Killer-Og,indica,4.8,"Relaxed,Sleepy,Euphoric,Happy,Uplifted","Earthy, Diesel, Spicy,Herbal"
Ace-Of-Spades,indica,4.1,"Relaxed,Euphoric,Happy,Sleepy,Hungry","Woody,Sweet,Earthy"
Aceh,sativa,4.4,"Creative,Euphoric,Talkative,Energetic,Happy","Lemon,Mango,Earthy"
Acid,hybrid,4.4,"Creative,Happy,Euphoric,Energetic,Uplifted","Diesel,Lemon,Earthy"
Acid-Dough,sativa,5.0,"Talkative,Giggly,Happy,Hungry,Relaxed"," Earthy,Sweet, Tropical"
Afcrack,hybrid,3.4,"Tingly,Euphoric,Happy,Relaxed,Uplifted","Flowery,Sweet,Earthy"
Afgahni-Bullrider,indica,4.4,"Focused,Uplifted,Happy,Creative,Relaxed","Citrus,Lemon,Sweet"
Afghan-Big-Bud,indica,4.0,"Euphoric,Happy,Relaxed,Sleepy,Talkative","Pungent,Peach,Lemon"
Afghan-Cow,sativa,4.3,"Focused,Uplifted,Happy,Euphoric,Talkative","Sweet,Vanilla"
Afghan-Diesel,hybrid,3.7,"Euphoric,Relaxed,Uplifted,Happy,Creative","Chemical,Diesel,Earthy"
Afghan-Hawaiian,indica,4.1,"Tingly,Sleepy,Relaxed,Energetic,Aroused","Nutty,Chestnut,Earthy"
Afghan-Haze,hybrid,4.3,"Sleepy,Relaxed,Giggly,Happy,Creative","Flowery,Tea,Earthy"
Afghan-Kush,indica,4.1,"Relaxed,Sleepy,Happy,Hungry,Euphoric","Flowery,Woody,Earthy"
Afghan-Skunk,indica,4.3,"Sleepy,Relaxed,Happy,Hungry,Giggly","Woody,Sweet,Skunk"
Afghan-Sour-Kush,indica,4.5,"Hungry,Relaxed,Aroused,Sleepy,Euphoric","Pungent,Diesel,Earthy"
Afghan-Widow,hybrid,4.5,"Creative,Energetic,Euphoric,Focused,Uplifted","Flowery,Diesel,Sweet"
Afghani,indica,4.3,"Relaxed,Sleepy,Happy,Euphoric,Hungry","Sweet,Pine,Earthy"
Afghani-Cbd,indica,4.6,"Relaxed,Happy,Sleepy,Tingly,Creative","Flowery, Chemical, Spicy,Herbal"
Afghanica,hybrid,4.1,"Relaxed,Sleepy,Happy,Hungry,Euphoric","Flowery,Sweet,Skunk"
Afghanimal,indica,5.0,"Hungry,Relaxed,Aroused,Sleepy,Focused","Citrus,Skunk"
Afghooey,indica,4.1,"Uplifted,Euphoric,Relaxed,Talkative,Creative","Woody,Sweet,Earthy"
Afgoo,indica,4.1,"Relaxed,Sleepy,Happy,Euphoric,Hungry","Woody,Sweet,Pine"
Afgooey,indica,4.3,"Relaxed,Happy,Sleepy,Giggly,Uplifted","Pungent,Woody,Pine"
Afkansastan,indica,3.8,"Uplifted,Euphoric,Giggly,Happy,Relaxed","Tobacco,Earthy"
Afpak,hybrid,4.2,"Relaxed,Creative,Focused,Sleepy,Happy","Pine, Spicy,Herbal, Earthy"
African,sativa,3.9,"Euphoric,Energetic,Aroused,Tingly,Creative","Spicy,Herbal, Pungent, Pepper"
Afrikaner,sativa,4.4,"Euphoric, Sleepy"," Earthy, Spicy,Sweet"
Afternoon-Delight,hybrid,4.8,"Talkative,Relaxed,Uplifted,Tingly,Creative","Pungent,Citrus,Tropical"
Afwreck,hybrid,4.2,"Euphoric,Happy,Uplifted,Relaxed,Sleepy","Pungent,Pine,Earthy"
Agent-Orange,hybrid,4.2,"Happy,Uplifted,Relaxed,Energetic,Euphoric","Citrus,Orange,Earthy"
Agent-Tangie,hybrid,4.5,"Uplifted,Happy,Creative,Euphoric,Focused","Citrus,Orange,Skunk"
Air-Jordan-Og,indica,4.5,"Happy,Relaxed,Euphoric,Sleepy,Tingly","Diesel, Pine, Spicy,Herbal"
Ak-47,hybrid,4.2,"Happy,Relaxed,Uplifted,Euphoric,Energetic","Pungent,Woody,Earthy"
Ak-48,hybrid,4.0,"Happy,Energetic,Uplifted,Creative,Relaxed","Pungent,Citrus,Earthy"
Alaska,sativa,4.6,"Relaxed,Sleepy,Euphoric,Focused,Happy","Woody,Pine,Earthy"
Alaska-Thunder-Grape,hybrid,5.0,"Tingly,Uplifted,Creative,Euphoric,Focused","Strawberry,Pepper,Grape"
Alaskan-Ice,sativa,4.4,"Euphoric,Uplifted,Happy,Relaxed,Energetic","Sweet, Earthy, Spicy,Herbal"
Alaskan-Thunder-Fuck,sativa,4.4,"Happy,Euphoric,Relaxed,Uplifted,Energetic","Woody,Pine,Earthy"
Albert-Walker,hybrid,4.7,"Relaxed,Euphoric,Happy,Uplifted,Hungry","Blueberry,Mango,Earthy"
Alchemy,hybrid,4.8,"Relaxed,Sleepy,Uplifted,Hungry,Tingly","Cheese, Sweet, Spicy,Herbal"
Alf,hybrid,5.0,"Relaxed,Creative,Euphoric,Giggly,Happy","Pungent,Diesel,Tropical"
Alice-In-Wonderland,sativa,4.5,"Focused,Euphoric,Happy,Uplifted,Relaxed","Pine,Minty,Sweet"
Alien-Abduction,hybrid,3.8,"Happy,Relaxed,Focused,Uplifted,Creative","Nutty,Sweet,Earthy"
Alien-Apparition,hybrid,4.0,"Hungry,Energetic,Euphoric,Aroused,Tingly","Pungent,Sweet,Skunk"
Alien-Asshat,hybrid,4.8,"Euphoric,Creative,Giggly,Relaxed,Happy","Pungent,Citrus,Earthy"
Alien-Bubba,indica,5.0,"Relaxed,Sleepy,Euphoric,Happy,Uplifted","Woody,Sweet,Earthy"
Alien-Dawg,indica,4.3,"Relaxed,Sleepy,Happy,Euphoric,Uplifted","Pungent,Woody,Earthy"
Alien-Dutchess,sativa,4.2,"Euphoric,Relaxed,Uplifted,Focused,Happy","Blueberry,Berry,Sweet"
Alien-Hallucination,hybrid,4.1,"Happy,Relaxed,Giggly,Aroused,Hungry","Diesel,Sweet,Earthy"
Alien-Inferno,hybrid,4.8,"Happy,Talkative,Euphoric,Uplifted,Energetic","Diesel,Pine,Earthy"
Alien-Kush,indica,4.2,"Relaxed,Euphoric,Happy,Tingly,Uplifted","Flowery,Woody,Earthy"
Alien-Og,hybrid,4.5,"Relaxed,Happy,Euphoric,Uplifted,Creative","Citrus,Lemon,Earthy"
Alien-Reunion,hybrid,4.9,"Euphoric,Uplifted,Happy,Relaxed,Talkative","Pungent,Cheese,Skunk"
Alien-Rift,indica,4.6,"Relaxed,Happy,Euphoric,Uplifted,Hungry","Chemical,Grape,Earthy"
Alien-Rock-Candy,hybrid,4.7,"Relaxed,Happy,Euphoric,Sleepy,Tingly","Citrus,Sweet,Earthy"
Alien-Sour-Apple,hybrid,4.6,"Euphoric,Relaxed,Uplifted,Creative,Happy","Apple,Lemon,Sweet"
Alien-Stardawg,sativa,4.4,"Uplifted,Happy,Euphoric,Creative,Tingly","Diesel, Spicy,Herbal, Sage"
Alien-Technology,indica,4.5,"Happy,Relaxed,Uplifted,Euphoric,Focused","Earthy, Spicy,Herbal, Woody"
Aliens-On-Moonshine,indica,4.5,"Relaxed,Happy,Talkative,Uplifted,Giggly","Sage,Grapefruit,Citrus"
Allen-Iverson-Og,indica,5.0,"Uplifted,Euphoric,Happy,Relaxed"," Earthy,Sweet, Pungent"
Allen-Wrench,sativa,4.3,"Happy,Uplifted,Focused,Energetic,Hungry","Pungent,Citrus,Earthy"
Allkush,indica,5.0,"Relaxed,Sleepy,Uplifted,Happy","Spicy,Herbal, Honey, Earthy"
Aloha,sativa,4.2,"Energetic,Uplifted,Happy,Creative,Focused","Citrus,Sweet,Tropical"
Aloha-Grape-Stomper,hybrid,5.0,"Tingly,Uplifted,Euphoric,Giggly,Happy","Blueberry,Grape,Tropical"
Aloha-Limone,hybrid,4.8,"Euphoric,Creative,Energetic,Talkative,Uplifted","Citrus,Sweet,Earthy"
Alohaberry,hybrid,4.2,"Energetic,Uplifted,Aroused,Tingly,Relaxed","Berry,Apple,Chestnut"
Alpha-Blue,sativa,4.5,"Energetic,Happy,Euphoric,Relaxed,Talkative","Blueberry,Sweet,Earthy"
Alpha-Cow,sativa,5.0,Relaxed," Earthy,Sweet, Berry"
Alpha-Express,sativa,4.7,"Energetic,Focused,Talkative,Happy,Relaxed","Diesel, Earthy, Spicy,Herbal"
Alpha-Og,hybrid,4.6,"Relaxed,Focused,Happy,Euphoric,Sleepy","Spicy,Herbal, Sweet, Berry"
Alpine-Blue,hybrid,5.0,"Uplifted,Creative,Energetic,Aroused,Euphoric","Blueberry,Berry,Pine"
Alpine-Star,indica,4.2,"Relaxed,Uplifted,Happy,Euphoric,Tingly","Citrus,Pine,Earthy"
Als-Dream,hybrid,3.0,"Talkative,Energetic","Citrus, Earthy, Pungent"
Ambrosia,hybrid,4.4,"Uplifted,Euphoric,Relaxed,Creative,Focused","Flowery,Lavender,Earthy"
American-Dream,hybrid,4.7,"Focused,Euphoric,Tingly,Energetic,Relaxed","Pungent,Sweet,Earthy"
American-Kush,indica,4.8,"Relaxed,Tingly,Sleepy,Uplifted,Happy","Lemon,Sweet,Lime"
Americano,indica,4.6,"Relaxed,Creative,Focused,Euphoric,Aroused","Earthy, Spicy,Herbal, Tobacco"
Amethyst,hybrid,3.9,"Energetic,Creative,Giggly,Hungry,Happy","Berry, Earthy, Sweet"
Amethyst-Bud,hybrid,4.2,"Uplifted,Happy,Relaxed,Focused,Energetic","Berry,Sweet,Lavender"
Amnesia,sativa,4.3,"Happy,Euphoric,Energetic,Creative,Uplifted","Sweet,Skunk,Earthy"
Amnesia-Ganja-Haze,sativa,5.0,Relaxed,"Sweet, Citrus, Lemon"
Amnesia-Haze,sativa,4.3,"Happy,Euphoric,Uplifted,Energetic,Creative","Citrus,Lemon,Earthy"
Ancient-Kush,indica,4.6,"Sleepy,Relaxed,Aroused,Creative,Energetic","Skunk,Cheese,Minty"
Ancient-Og,indica,4.6,"Relaxed,Euphoric,Sleepy,Happy,Hungry","Nutty,Flowery,Earthy"
Anesthesia,indica,4.1,"Hungry,Sleepy,Relaxed,Happy,Euphoric","Pungent,Sweet,Earthy"
Angel-Og,indica,5.0,"Happy,Relaxed,Uplifted,Sleepy,Euphoric","Pungent,Berry,Earthy"
Animal-Cookies,hybrid,4.5,"Relaxed,Happy,Euphoric,Creative,Uplifted","Pungent,Sweet,Earthy"
Anonymous-Og,indica,5.0,"Relaxed,Sleepy,Happy,Euphoric,Hungry","Flowery,Coffee,Earthy"
Anubis,indica,5.0,"Relaxed,Sleepy,Creative,Focused,Aroused","Grape,Lime,Earthy"
Ape-Shit,hybrid,5.0,"Happy,Relaxed,Uplifted,Giggly,Talkative","Grape,Sweet,Lavender"
Apollo-11,hybrid,4.4,"Uplifted,Happy,Euphoric,Relaxed,Creative","Pungent,Citrus,Lemon"
Apollo-13,hybrid,4.4,"Happy,Euphoric,Energetic,Uplifted,Creative","Earthy, Spicy,Herbal, Sweet"
Appalachia,hybrid,4.8,"Relaxed,Euphoric,Happy,Creative,Giggly","Pungent,Skunk,Earthy"
Appalachian-Power,sativa,4.3,"Euphoric,Creative,Focused,Talkative,Uplifted","Sweet,Grape,Tropical"
Apple-Jack,hybrid,3.6,"Happy,Relaxed,Focused,Energetic,Tingly","Apple,Sweet,Earthy"
Apple-Kush,hybrid,4.6,"Relaxed,Euphoric,Uplifted,Happy,Tingly","Pungent,Apple,Diesel"
Appleberry,indica,4.6,"Relaxed,Happy,Sleepy,Hungry,Euphoric","Berry,Apple,Sweet"
Arabian-Gold,sativa,4.1,"Euphoric,Tingly,Giggly,Sleepy,Creative"," Spicy,Earthy"
Arctic-Sun,hybrid,4.3,"Creative,Relaxed,Energetic,Euphoric,Focused","Skunk,Ammonia"
Arcticblue,hybrid,4.8,"Happy,Uplifted,Euphoric,Energetic,Relaxed","Blueberry,Sweet,Earthy"
Area-51,hybrid,4.4,"Happy,Uplifted,Relaxed,Euphoric,Creative","Citrus,Sweet,Earthy"
Argyle,indica,3.9,"Happy,Uplifted,Relaxed,Sleepy,Focused","Spicy,Herbal, Pungent, Earthy"
Arjans-Strawberry-Haze,sativa,4.3,"Happy,Uplifted,Talkative,Relaxed,Creative","Berry,Strawberry,Sweet"
Arjans-Ultra-Haze-1,sativa,4.8,"Euphoric,Focused,Energetic,Relaxed,Creative","Minty,Earthy"
Armageddon,hybrid,4.0,"Uplifted,Giggly,Happy,Relaxed,Talkative","Diesel,Woody,Tropical"
Armagnac,hybrid,4.2,"Relaxed,Sleepy,Talkative,Giggly,Happy","Spicy,Herbal, Sweet, Flowery"
Ash,hybrid,4.5,"Relaxed,Happy,Uplifted,Euphoric,Sleepy","Pungent, Skunk, Spicy,Herbal"
Asian-Fantasy,sativa,4.4,"Euphoric,Hungry,Happy,Relaxed,Talkative","Woody,Skunk,Earthy"
Aspen-Og,hybrid,4.1,"Focused,Happy,Energetic,Relaxed,Talkative","Blueberry, Spicy,Herbal, Earthy"
Astroboy,sativa,4.5,"Relaxed,Energetic,Happy,Creative,Focused","Grapefruit,Citrus,Sweet"
Athabasca,indica,4.6,"Talkative,Uplifted,Happy,Relaxed,Giggly","Diesel,Ammonia,Earthy"
Atmosphere,hybrid,4.8,"Uplifted,Euphoric,Relaxed,Happy,Tingly","Citrus,Flowery,Sweet"
Atomic,hybrid,4.5,"Happy,Relaxed,Talkative,Creative,Euphoric",Earthy
Atomic-Goat,hybrid,4.8,"Relaxed,Uplifted,Giggly,Tingly,Happy","Spicy,Herbal, Nutty, Sage"
Atomic-Northern-Lights,hybrid,4.2,"Talkative,Uplifted,Hungry,Tingly,Focused","Pungent,Flowery,Earthy"
Atomical-Haze,sativa,4.4,"Happy,Relaxed,Energetic,Uplifted,Creative","Pungent,Minty,Citrus"
Aurora-Borealis,indica,4.2,"Happy,Euphoric,Relaxed,Sleepy,Hungry","Woody,Sweet,Earthy"
Aurora-Indica,indica,4.4,"Relaxed,Sleepy,Happy,Euphoric,Uplifted","Earthy, Spicy,Herbal, Tropical"
Avalon,hybrid,3.6,"Aroused,Tingly,Hungry,Uplifted,Giggly","Nutty,Sweet,Earthy"
Avi,hybrid,3.0,"Relaxed,Focused,Uplifted,Creative,Happy","Pungent,Earthy"
Avi-Dekel,hybrid,4.5,"Relaxed,Uplifted,Happy,Focused,Energetic","Flowery,Sweet,Earthy"
Ayahuasca-Purple,indica,4.4,"Relaxed,Euphoric,Sleepy,Happy,Tingly","Spicy,Herbal, Pungent, Earthy"
Az-Super-Sour-Og,hybrid,4.9,"Uplifted,Happy,Giggly,Energetic,Relaxed","Sage,Pungent,Woody"
Azure-Haze,hybrid,4.4,"Relaxed,Uplifted,Focused,Euphoric,Happy","Blueberry,Berry,Sweet"
B-52,indica,4.1,"Relaxed,Happy,Giggly,Focused,Uplifted","Woody,Sweet,Earthy"
B-Witched,hybrid,5.0,"Euphoric,Relaxed,Happy,Hungry,Sleepy","Citrus,Sweet,Earthy"
B4,hybrid,4.5,"Happy,Uplifted,Euphoric,Focused,Relaxed","Spicy,Herbal, Berry, Skunk"
Bad-Azz-Kush,hybrid,5.0,"Relaxed, Uplifted"," Earthy,Sweet, Pine"
Bakerstreet,indica,3.7,"Euphoric,Relaxed,Giggly,Happy,Sleepy","Diesel,Sweet,Earthy"
Balmoral,hybrid,4.2,"Relaxed,Happy,Uplifted,Focused,Talkative","Cheese,Pine,Earthy"
Banana-Candy,indica,4.2,"Relaxed,Euphoric,Uplifted,Creative,Happy","Tree,Fruity,Earthy,Sweet"
Banana-Cream-Og,hybrid,4.8,"Relaxed,Creative,Tingly,Uplifted,Focused","Minty,Pine"
Banana-Diesel,hybrid,4.4,"Happy,Uplifted,Euphoric,Relaxed,Giggly","Diesel,Skunk,Earthy"
Banana-Kush,hybrid,4.3,"Happy,Relaxed,Euphoric,Uplifted,Talkative","Sweet,Tropical,Tree,Fruity"
Banana-Og,hybrid,4.4,"Relaxed,Happy,Hungry,Euphoric,Sleepy","Sweet,Earthy,Tropical"
Banana-Peel,hybrid,4.7,"Relaxed,Euphoric,Uplifted,Happy,Sleepy","Spicy,Herbal, Tropical, Earthy"
Bananas,hybrid,4.5,"Relaxed,Energetic,Happy,Uplifted,Focused","Grape,Vanilla,Tropical"
Bandana,hybrid,4.2,"Euphoric,Happy,Relaxed,Talkative,Creative","Pungent,Woody,Earthy"
Bangi-Haze,sativa,4.6,"Aroused,Uplifted,Euphoric,Hungry","Berry,Tree,Fruity,Cheese"
Bango,hybrid,4.7,"Uplifted,Creative,Energetic,Euphoric,Focused","Pungent,Lime,Earthy"
Barbara-Bud,indica,3.6,"Relaxed,Euphoric,Happy,Hungry,Uplifted","Citrus,Mango,Earthy"
Batgirl,hybrid,5.0,"Euphoric,Relaxed","Sweet, Berry, Chemical"
Batman-Og,indica,4.4,"Sleepy,Hungry,Happy,Relaxed,Giggly","Pungent,Sweet,Skunk"
Bay-11,sativa,4.5,"Happy,Relaxed,Uplifted,Energetic,Creative","Citrus,Sweet,Earthy"
Bay-Dream,sativa,4.3,"Relaxed,Happy,Euphoric,Uplifted,Focused","Citrus,Sweet,Earthy"
Bb-King,indica,3.8,"Sleepy,Happy,Relaxed,Uplifted,Creative","Citrus,Lemon,Earthy"
Bc-Big-Bud,hybrid,4.5,"Relaxed,Euphoric,Happy,Creative,Sleepy","Tropical,Pungent,Earthy"
Bc-Roadkill,hybrid,4.5,"Euphoric,Uplifted,Happy,Giggly,Relaxed","Woody,Skunk,Earthy"
Bc-Sweet-Tooth,indica,4.3,"Uplifted,Happy,Relaxed,Sleepy,Euphoric","Sweet,Honey,Tree,Fruity"
Bcn-Diesel,hybrid,5.0,"Sleepy,Focused,Happy,Hungry"," Earthy,Sour, Lemon"
Bear-Dance,hybrid,4.8,"Uplifted,Euphoric,Giggly,Happy,Energetic","Minty,Sweet,Earthy"
Beast-Mode-20,indica,4.5,"Relaxed,Sleepy,Tingly,Happy,Euphoric","Berry,Woody,Earthy"
Beast-Mode-Og,hybrid,4.4,"Relaxed,Euphoric,Uplifted,Talkative,Happy","Apricot,Pine,Earthy"
Bedford-Glue,hybrid,5.0,"Happy,Uplifted,Euphoric,Giggly,Relaxed","Sage,Pepper,Pine"
Bedica,indica,4.3,"Relaxed,Sleepy,Hungry,Focused,Euphoric","Pungent,Cheese,Woody"
Bediol,sativa,4.7,"Relaxed,Talkative,Happy,Focused,Uplifted","Citrus,Lemon,Mango"
Bell-Ringer,indica,5.0,"Relaxed,Sleepy,Euphoric,Hungry,Happy","Pungent,Citrus,Sweet"
Belladonna,hybrid,4.0,"Happy,Sleepy,Giggly,Euphoric,Uplifted","Peach,Butter,Earthy"
Berkeley,sativa,4.3,"Talkative,Happy,Uplifted,Energetic,Focused","Pungent,Citrus,Sweet"
Bermuda-Sour,hybrid,4.1,"Relaxed, Uplifted, Hungry","Diesel, Sweet, Citrus"
Berry-Bomb,hybrid,4.2,"Relaxed,Happy,Euphoric,Tingly,Sleepy","Blueberry,Berry,Flowery"
Berry-Larry,hybrid,4.8,"Relaxed,Uplifted,Creative,Euphoric,Talkative","Berry,Citrus,Orange"
Berry-Noir,indica,4.4,"Relaxed,Euphoric,Sleepy,Happy,Hungry","Berry,Sweet,Earthy"
Berry-Og,hybrid,4.3,"Happy,Relaxed,Uplifted,Euphoric,Sleepy","Blueberry,Berry,Earthy"
Berry-White,indica,4.4,"Relaxed,Euphoric,Happy,Uplifted,Sleepy","Blueberry,Berry,Sweet"
Bertberry-Cheesecake,sativa,5.0,"Uplifted,Creative,Euphoric,Focused,Energetic","Cheese,Berry,Tree,Fruity"
Berts-Cookie-Dough,hybrid,5.0,"Uplifted,Energetic,Happy,Hungry"," Vanilla, Earthy,Sweet"
Bettie-Page,hybrid,4.2,"Creative,Uplifted,Energetic,Euphoric,Relaxed","Earthy,Sweet,Blue,Cheese"
Bianca,hybrid,4.2,"Relaxed,Sleepy,Euphoric,Focused,Creative","Earthy, Woody, Spicy,Herbal"
Biddy-Early,hybrid,4.2,"Creative,Euphoric,Focused,Uplifted,Energetic","Flowery,Diesel,Sweet"
Big-Band,hybrid,4.6,"Relaxed,Happy,Euphoric,Hungry,Talkative","Sweet, Spicy,Herbal, Sage"
Big-Bang,indica,4.1,"Relaxed,Sleepy,Happy,Euphoric,Aroused","Lemon,Orange,Sweet"
Big-Bud,indica,3.9,"Relaxed,Euphoric,Sleepy,Happy,Tingly","Flowery,Skunk,Earthy"
Big-Budda-Cheese,hybrid,4.2,"Happy,Relaxed,Euphoric,Uplifted,Giggly","Cheese,Flowery,Earthy"
Big-Holy-Nina,hybrid,4.0,"Talkative,Uplifted,Euphoric,Happy,Relaxed","Lemon,Lime,Earthy"
Big-Kush,hybrid,4.7,"Uplifted,Relaxed,Euphoric,Creative,Focused","Citrus,Lemon,Skunk"
Big-Mac,indica,5.0,"Relaxed,Aroused,Sleepy,Talkative,Tingly","Blueberry,Berry,Sweet"
Big-Skunk-Korean,hybrid,4.0,"Talkative,Uplifted,Creative,Energetic,Hungry","Flowery,Skunk"
Big-Sky-Og,hybrid,4.7,"Relaxed,Tingly,Uplifted,Hungry,Sleepy","Pungent,Diesel,Skunk"
Big-Smooth,hybrid,5.0,"Happy,Relaxed,Giggly,Uplifted,Aroused","Blueberry, Spicy,Herbal, Nutty"
Big-Sur-Holy-Bud,sativa,4.0,"Relaxed,Uplifted,Focused,Euphoric,Energetic","Menthol,Pine,Earthy"
Big-White,indica,4.2,"Relaxed,Uplifted,Happy,Sleepy,Euphoric","Flowery,Diesel,Sweet"
Big-Wreck,indica,4.1,"Relaxed,Tingly,Euphoric,Happy,Uplifted","Nutty,Pungent,Earthy"
Biker-Leblanc,hybrid,4.5,"Relaxed,Focused,Energetic,Euphoric,Aroused","Spicy,Herbal, Sage, Earthy"
Bio-Diesel,hybrid,4.4,"Euphoric,Happy,Relaxed,Energetic,Uplifted","Pungent,Diesel,Earthy"
Bio-Jesus,hybrid,4.6,"Happy,Relaxed,Euphoric,Sleepy,Uplifted","Chemical,Diesel,Earthy"
Biochem,indica,4.4,"Relaxed,Euphoric,Tingly,Sleepy,Happy","Spicy,Herbal, Earthy, Cheese"
Birds-Eye,sativa,5.0,"Happy,Uplifted,Energetic,Euphoric,Relaxed"," Sweet,Spicy"
Birthday-Cake-Kush,hybrid,4.5,"Relaxed,Happy,Euphoric,Uplifted,Sleepy","Lemon,Sweet,Vanilla"
Black-84,indica,4.5,"Relaxed,Sleepy,Happy,Hungry,Euphoric","Pungent,Grape,Earthy"
Black-Afghan,indica,4.6,"Relaxed,Sleepy,Hungry,Happy,Euphoric","Pepper,Pine,Earthy"
Black-Betty,hybrid,4.5,"Euphoric,Relaxed,Happy,Uplifted,Energetic","Berry,Pungent,Sweet"
Black-Bubba,indica,4.5,"Happy,Relaxed,Sleepy,Tingly,Euphoric","Flowery,Pine,Earthy"
Black-Cherry-Cheesecake,hybrid,4.5,"Creative,Relaxed,Euphoric,Hungry,Uplifted","Berry,Cheese,Sweet"
Black-Cherry-Og,indica,4.4,"Relaxed,Uplifted,Happy,Giggly,Euphoric","Berry,Sweet,Earthy"
Black-Cherry-Pie,hybrid,5.0,"Relaxed,Uplifted,Creative,Euphoric,Happy","Berry,Sweet,Earthy"
Black-Cherry-Soda,hybrid,4.3,"Relaxed,Happy,Euphoric,Hungry,Uplifted","Berry,Sweet,Earthy"
Black-Dhalia,hybrid,4.0,"Relaxed,Happy,Sleepy,Euphoric,Tingly","Sweet, Earthy, Spicy,Herbal"
Black-Diamond,indica,4.4,"Relaxed,Happy,Euphoric,Uplifted,Hungry","Berry,Woody,Earthy"
Black-Diesel,sativa,4.1,"Relaxed,Happy,Hungry,Talkative,Euphoric","Pungent,Diesel,Earthy"
Black-Domina,indica,4.2,"Relaxed,Euphoric,Happy,Sleepy,Uplifted","Woody,Pepper,Pine"
Black-Haze,hybrid,4.4,"Relaxed,Euphoric,Happy,Uplifted,Focused","Flowery,Pine,Earthy"
Black-Ice,indica,4.1,"Relaxed,Sleepy,Happy,Hungry,Tingly","Citrus,Sweet,Earthy"
Black-Jack,hybrid,4.4,"Relaxed,Happy,Euphoric,Uplifted,Talkative","Sweet,Pine,Earthy"
Black-Label-Kush,indica,4.1,"Euphoric,Relaxed,Sleepy,Uplifted,Focused","Berry,Woody,Earthy"
Black-Larry-Bird,indica,4.0,"Tingly,Uplifted,Creative,Euphoric,Focused"," Earthy,Sweet, Lemon"
Black-Lime-Special-Reserve,indica,4.5,"Relaxed,Happy,Euphoric,Tingly,Sleepy","Citrus,Pepper,Lime"
Black-Magic,hybrid,4.0,"Happy,Relaxed,Uplifted,Euphoric",Earthy
Black-Magic-Kush,indica,4.2,"Happy,Relaxed,Sleepy,Hungry,Talkative","Berry,Woody,Earthy"
Black-Mamba,indica,4.6,"Happy,Relaxed,Euphoric,Uplifted,Talkative","Grape,Woody,Sweet"
Black-Roses,indica,4.0,"Relaxed,Sleepy,Uplifted,Euphoric,Focused","Earthy, Flowery, Fruity"
Black-Russian,indica,4.3,"Relaxed,Sleepy,Uplifted,Happy,Hungry","Berry,Citrus,Earthy"
Black-Tuna,hybrid,4.5,"Relaxed,Happy,Sleepy,Euphoric,Hungry","Woody,Skunk,Earthy"
Black-Velvet,hybrid,3.9,"Sleepy,Happy,Hungry,Relaxed,Euphoric","Citrus,Flowery,Sweet"
Black-Widow,hybrid,4.1,"Happy,Relaxed,Euphoric,Sleepy,Uplifted","Pungent,Sweet,Earthy"
Blackberry,hybrid,4.2,"Relaxed,Euphoric,Happy,Uplifted,Sleepy","Berry,Sweet,Earthy"
Blackberry-Bubble,indica,4.7,"Relaxed,Happy,Euphoric,Uplifted,Creative","Blueberry,Berry,Skunk"
Blackberry-Chem-Og,hybrid,4.3,"Talkative,Creative,Focused,Relaxed,Euphoric","Berry,Chemical"
Blackberry-Cream,indica,4.8,"Relaxed,Happy,Uplifted,Sleepy,Euphoric","Berry,Sweet,Vanilla"
Blackberry-Diesel,sativa,4.1,"Happy,Energetic,Relaxed,Euphoric,Talkative","Diesel, Spicy,Herbal, Pungent"
Blackberry-Dream,hybrid,4.2,"Happy,Energetic,Uplifted,Relaxed,Talkative","Spicy,Herbal, Sweet, Grapefruit"
Blackberry-Fire,hybrid,5.0,"Creative,Happy","Blueberry,Berry,Sweet"
Blackberry-Hashplant,indica,3.7,"Euphoric,Sleepy,Uplifted,Energetic,Happy","Berry,Sweet,Earthy"
Blackberry-Haze,sativa,4.5,"Happy,Relaxed,Uplifted,Hungry,Focused","Berry, Sweet, Spicy,Herbal"
Blackberry-Kush,indica,4.3,"Relaxed,Sleepy,Happy,Euphoric,Hungry","Berry,Sweet,Earthy"
Blackberry-Lime-Haze,sativa,4.7,"Happy,Uplifted,Euphoric,Talkative,Focused","Berry,Sweet,Lime"
Blackberry-Pie,hybrid,4.7,"Euphoric,Creative,Hungry,Relaxed,Happy","Blueberry,Berry,Sweet"
Blackberry-Rhino,indica,4.3,"Relaxed,Happy,Creative,Hungry,Sleepy","Berry, Sweet, Spicy,Herbal"
Blackberry-Trainwreck,hybrid,4.3,"Relaxed,Euphoric,Happy,Uplifted,Energetic","Berry,Pungent,Sweet"
Blackberry-X-Blueberry,indica,4.3,"Relaxed,Happy,Uplifted,Euphoric,Creative","Blueberry,Berry,Earthy"
Blackwater,indica,4.6,"Relaxed,Sleepy,Euphoric,Happy,Hungry","Berry,Grape,Earthy"
Blaze,sativa,4.3,"Euphoric,Energetic,Talkative,Creative,Aroused","Blueberry,Berry,Sweet"
Blissful-Wizard,hybrid,4.8,"Happy,Talkative,Euphoric,Relaxed,Uplifted","Pungent,Vanilla,Earthy"
Blizzard-Bush,hybrid,4.3,"Relaxed, Happy, Uplifted","Sweet, Diesel, Pepper"
Blob-Og,hybrid,4.7,"Euphoric,Talkative,Uplifted,Creative,Happy","Chemical,Diesel,Lemon"
Blockhead,hybrid,4.2,"Relaxed,Happy,Hungry,Uplifted,Euphoric","Pungent,Flowery,Woody"
Blood-Orange-Kush,indica,5.0,"Sleepy,Uplifted,Euphoric,Happy,Creative","Citrus,Diesel,Orange"
Bloodhound,hybrid,4.2,"Happy,Relaxed,Focused,Talkative,Euphoric","Earthy, Sage, Spicy,Herbal"
Bloos-Kloos,indica,4.6,"Creative,Relaxed,Happy,Euphoric,Focused","Berry,Flowery,Earthy"
Blowfish,hybrid,4.2,"Relaxed,Uplifted,Happy,Euphoric,Tingly","Spicy,Herbal, Pepper, Sage"
Blucifer,sativa,4.3,"Happy,Uplifted,Relaxed,Talkative,Focused","Blueberry, Spicy,Herbal, Berry"
Blue-Afghani,indica,4.4,"Relaxed,Happy,Euphoric,Uplifted,Sleepy","Blueberry,Pungent,Woody"
Blue-Alien,indica,4.5,"Relaxed,Happy,Euphoric,Uplifted,Hungry","Blueberry,Berry,Citrus"
Blue-Bastard,indica,3.8,"Euphoric,Happy,Sleepy,Uplifted,Creative","Berry,Pine"
Blue-Bayou,sativa,2.8,"Giggly,Uplifted,Creative,Happy,Sleepy",Sweet
Blue-Blood,indica,4.2,"Relaxed,Sleepy,Hungry,Talkative,Focused","Blueberry,Sweet,Earthy"
Blue-Boy,hybrid,4.1,"Happy,Relaxed,Giggly,Euphoric,Aroused","Pungent,Flowery,Earthy"
Blue-Buddha,indica,4.9,"Relaxed,Euphoric,Sleepy,Uplifted,Happy","Blueberry,Citrus,Cheese"
Blue-Champange,hybrid,4.4,"Uplifted,Happy,Relaxed,Creative,Euphoric","Blueberry,Berry,Sweet"
Blue-Cheese,indica,4.3,"Relaxed,Happy,Euphoric,Sleepy,Hungry","Cheese,Blueberry"
Blue-Cinex,hybrid,4.7,"Focused,Uplifted,Happy,Energetic,Sleepy","Blueberry,Earthy"
Blue-Cookies,hybrid,4.7,"Relaxed,Euphoric,Happy,Uplifted,Creative","Blueberry,Berry,Sweet"
Blue-Crack,hybrid,4.2,"Happy,Relaxed,Uplifted,Energetic,Focused","Blueberry,Berry,Sweet"
Blue-Diamond,indica,4.4,"Euphoric,Relaxed,Happy,Sleepy,Talkative","Sweet,Tree,Fruity,Pineapple"
Blue-Diesel,hybrid,4.4,"Relaxed,Euphoric,Uplifted,Happy,Creative","Blueberry,Berry,Diesel"
Blue-Dot,sativa,4.7,"Energetic,Happy,Relaxed,Focused,Uplifted","Pungent,Berry,Earthy"
Blue-Dragon,hybrid,4.4,"Euphoric,Uplifted,Relaxed,Happy,Giggly","Blueberry,Berry,Sweet"
Blue-Dream,hybrid,4.4,"Relaxed,Happy,Uplifted,Euphoric,Creative","Blueberry,Berry,Sweet"
Blue-Dynamite,indica,4.3,"Relaxed,Euphoric,Focused,Creative,Sleepy","Berry, Spicy,Herbal, Pine"
Blue-Frost,hybrid,4.5,"Uplifted,Happy,Relaxed,Euphoric,Creative","Blueberry,Menthol,Cheese"
Blue-Galaxy,hybrid,4.7,"Relaxed,Happy,Talkative,Creative,Energetic","Blueberry,Berry,Earthy"
Blue-God,indica,4.7,"Relaxed,Happy,Sleepy,Euphoric,Hungry","Blueberry,Berry,Sweet"
Blue-Goo,hybrid,4.1,"Happy,Uplifted,Creative,Energetic,Talkative","Berry,Pine,Skunk"
Blue-Hash,hybrid,4.4,"Relaxed,Happy,Euphoric,Sleepy,Uplifted","Blueberry,Sweet,Earthy"
Blue-Hawaiian,hybrid,4.3,"Happy,Uplifted,Relaxed,Euphoric,Energetic","Citrus,Sweet,Earthy"
Blue-Haze,hybrid,4.3,"Uplifted,Euphoric,Relaxed,Happy,Energetic","Blueberry,Flowery,Sweet"
Blue-Heron,hybrid,4.7,"Relaxed,Sleepy,Talkative,Happy,Uplifted","Woody, Spicy,Herbal, Pine"
Blue-Ivy,hybrid,4.4,"Relaxed,Focused,Hungry,Happy,Talkative","Blueberry,Pepper,Earthy"
Blue-Jay-Way,hybrid,4.5,"Relaxed,Uplifted,Focused,Sleepy,Euphoric","Blueberry,Citrus,Sweet"
Blue-Kiss,hybrid,4.7,"Relaxed,Talkative,Creative,Euphoric,Focused","Blueberry,Berry,Sweet"
Blue-Knight,indica,4.7,"Relaxed,Uplifted,Hungry,Happy,Focused","Blueberry,Berry,Sweet"
Blue-Kripple,indica,3.4,"Sleepy,Euphoric,Hungry,Relaxed,Tingly","Grape,Earthy"
Blue-Kush,hybrid,4.5,"Relaxed,Uplifted,Euphoric,Creative,Hungry","Blueberry,Lemon,Pine"
Blue-Lights,indica,4.5,"Relaxed,Euphoric,Happy,Tingly,Uplifted","Blueberry,Berry,Earthy"
Blue-Magic,sativa,4.6,"Relaxed,Focused,Aroused,Sleepy,Euphoric","Citrus,Lemon,Tropical"
Blue-Magoo,hybrid,4.5,"Relaxed,Happy,Uplifted,Euphoric,Giggly","Pungent,Sweet,Earthy"
Blue-Monster,indica,4.7,"Relaxed,Hungry,Talkative,Sleepy,Happy","Berry,Diesel,Sweet"
Blue-Moon-Rocks,hybrid,4.6,"Relaxed,Happy,Uplifted,Euphoric,Focused","Berry,Strawberry,Lavender"
Blue-Moonshine,indica,4.2,"Happy,Relaxed,Euphoric,Sleepy,Focused","Berry,Woody,Earthy"
Blue-Mountain-Fire,sativa,4.0,"Euphoric,Relaxed,Tingly,Uplifted,Happy","Tar,Flowery,Earthy"
Blue-Mystic,indica,4.2,"Happy,Relaxed,Giggly,Energetic,Sleepy","Blueberry,Sweet,Earthy"
Blue-Nightmare,hybrid,4.7,"Euphoric,Relaxed,Happy,Giggly,Creative","Blueberry,Berry,Earthy"
Blue-Nina,hybrid,4.5,"Happy,Talkative,Giggly,Tingly,Euphoric","Blueberry,Flowery"
Blue-Og,hybrid,4.3,"Relaxed,Happy,Euphoric,Hungry,Uplifted","Blueberry,Berry,Earthy"
Blue-Ox,indica,4.5,"Sleepy,Relaxed,Hungry,Talkative,Uplifted","Blueberry,Berry,Flowery"
Blue-Persuasion,hybrid,4.1,"Relaxed,Tingly,Euphoric,Happy,Hungry","Blueberry,Berry,Sweet"
Blue-Power,indica,4.7,"Relaxed,Tingly,Happy,Uplifted,Euphoric","Berry,Sweet,Earthy"
Blue-Rhino,hybrid,4.3,"Sleepy,Relaxed,Focused,Uplifted,Hungry","Blueberry,Berry,Sweet"
Blue-Satellite,sativa,3.9,"Uplifted,Happy,Euphoric,Talkative,Relaxed","Blueberry,Citrus,Sweet"
Blue-Sky,hybrid,4.6,"Happy,Relaxed,Uplifted,Euphoric,Creative","Sweet,Pine,Earthy"
Blue-Steel,indica,4.3,"Uplifted,Relaxed,Euphoric,Happy,Creative","Blueberry,Pungent,Earthy"
Blue-Thai,hybrid,3.7,"Relaxed,Happy,Talkative,Uplifted,Focused","Pungent,Woody,Earthy"
Blue-Train,hybrid,4.4,"Happy,Uplifted,Energetic,Focused,Relaxed","Blueberry,Berry,Sweet"
Blue-Trane,hybrid,4.4,"Relaxed, Sleepy"," Earthy, Sweet,Fruity"
Blue-Treat,hybrid,4.9,"Relaxed,Focused,Happy,Uplifted,Creative","Blueberry,Berry,Earthy"
Blue-Velvet,hybrid,4.3,"Happy,Relaxed,Euphoric,Uplifted,Focused","Diesel,Sweet,Earthy"
Blue-Venom,hybrid,4.7,"Relaxed,Euphoric,Happy,Uplifted,Hungry","Blueberry,Berry,Pine"
Blue-Widow,hybrid,4.2,"Relaxed,Happy,Uplifted,Euphoric,Sleepy","Berry,Sweet,Earthy"
Blue-Wonder,hybrid,5.0,"Uplifted,Happy,Euphoric,Focused,Relaxed",Blueberry
Blue-Wreck,hybrid,4.7,"Sleepy,Happy,Euphoric,Relaxed,Uplifted","Blueberry,Honey,Earthy"
Blue-Zkittlez,indica,4.9,"Aroused,Creative,Happy,Relaxed,Euphoric","Berry,Flowery,Sweet"
Blue-Zombie,indica,4.7,"Relaxed,Euphoric,Hungry,Sleepy,Happy","Pungent,Pepper,Earthy"
Blueberry,indica,4.3,"Relaxed,Happy,Euphoric,Sleepy,Uplifted","Blueberry,Berry,Sweet"
Blueberry-Ak,hybrid,4.9,"Energetic,Relaxed,Euphoric,Happy,Sleepy","Blueberry,Pungent,Sweet"
Blueberry-Blast,sativa,4.4,"Happy,Uplifted,Euphoric,Energetic,Talkative","Blueberry,Berry,Sweet"
Blueberry-Bomb,hybrid,5.0,Relaxed,"Berry,Citrus"
Blueberry-Cheesecake,hybrid,4.3,"Happy,Relaxed,Uplifted,Euphoric,Tingly","Blueberry,Cheese,Sweet"
Blueberry-Diesel,hybrid,4.2,"Uplifted,Happy,Euphoric,Relaxed,Focused","Blueberry,Diesel,Sweet"
Blueberry-Dream,sativa,4.6,"Uplifted,Sleepy,Happy,Relaxed,Focused","Flowery,Sweet,Pine"
Blueberry-Essence,hybrid,4.5,"Relaxed,Happy,Uplifted,Euphoric,Sleepy","Blueberry,Sweet,Mango"
Blueberry-Haze,hybrid,4.2,"Happy,Euphoric,Creative,Uplifted,Energetic","Blueberry,Berry,Sweet"
Blueberry-Headband,hybrid,4.3,"Relaxed,Happy,Uplifted,Talkative,Euphoric","Blueberry,Berry,Earthy"
Blueberry-Jack,hybrid,4.3,"Relaxed,Happy,Creative,Giggly,Hungry","Blueberry,Berry,Pine"
Blueberry-Kush,indica,4.3,"Relaxed,Happy,Euphoric,Sleepy,Uplifted","Blueberry,Berry,Sweet"
Blueberry-Lambsbread,hybrid,4.8,"Relaxed,Happy,Sleepy,Uplifted,Euphoric","Blueberry,Sweet,Earthy"
Blueberry-Muffins,hybrid,4.7,"Relaxed,Euphoric,Uplifted,Happy,Creative","Blueberry,Berry,Earthy"
Blueberry-Og,hybrid,4.6,"Happy,Hungry,Giggly,Euphoric,Talkative","Blueberry,Berry,Flowery"
Blueberry-Pancakes,hybrid,4.5,"Relaxed,Sleepy,Hungry,Happy,Euphoric","Blueberry,Berry,Sweet"
Blueberry-Pie,hybrid,4.4,"Relaxed,Happy,Uplifted,Euphoric,Sleepy","Blueberry,Berry,Earthy"
Blueberry-Silvertip,hybrid,4.6,"Happy,Uplifted,Giggly,Relaxed,Euphoric","Blueberry,Berry,Flowery"
Blueberry-Skunk,indica,4.3,"Euphoric,Relaxed,Uplifted,Creative,Happy","Blueberry,Berry,Skunk"
Blueberry-Space-Cake,indica,5.0,"Euphoric,Relaxed,Tingly,Happy,Giggly","Blueberry,Berry,Tropical"
Blueberry-Trainwreck,hybrid,4.4,"Happy,Uplifted,Energetic,Focused,Relaxed","Blueberry,Berry,Sweet"
Blueberry-Triple-Og,indica,4.0,"Relaxed, Happy, Uplifted, Tingly"," Fruity,Earthy"
Blueberry-Waltz,indica,4.8,"Talkative,Uplifted,Euphoric,Happy,Giggly","Blueberry,Sweet,Tropical"
Blueberry-Yum-Yum,hybrid,4.6,"Happy,Uplifted,Euphoric,Relaxed,Giggly","Blueberry,Berry,Sweet"
Blues,hybrid,4.0,"Happy,Relaxed,Uplifted,Creative,Sleepy","Berry,Sweet,Earthy"
Blukashima,hybrid,5.0,Creative," Spicy,Sweet, Berry"
Bluniverse,hybrid,4.7,"Euphoric,Uplifted,Happy,Tingly,Creative","Blueberry,Berry,Vanilla"
Blurple,hybrid,4.3,"Happy,Euphoric,Energetic,Hungry,Focused","Flowery,Grape,Sweet"
Blush,hybrid,5.0,"Talkative,Creative,Happy,Hungry,Relaxed","Honey,Pepper,Earthy"
Bob-Saget,sativa,4.8,"Uplifted,Happy,Relaxed,Creative,Talkative","Sage,Chemical,Diesel"
Bodega-Bubblegum,hybrid,4.4,"Uplifted, Energized"," Earthy,Sweet, Fruity"
Bog-Bubble,hybrid,4.4,"Uplifted,Happy,Relaxed,Creative,Hungry","Berry,Flowery,Earthy"
Bogart,hybrid,4.0,"Happy,Talkative,Uplifted,Euphoric,Giggly","Citrus,Sweet,Tropical"
Boggle-Gum,hybrid,4.0,"Happy,Relaxed,Hungry,Sleepy,Giggly","Grape,Sweet,Earthy"
Booger,hybrid,4.7,"Happy,Focused,Uplifted,Creative,Giggly","Diesel,Skunk,Earthy"
Boombaye,hybrid,4.6,"Sleepy, Euphoric","Earthy, Sweet, Flowery"
Bootlegger,hybrid,4.5,"Sleepy,Giggly,Hungry,Tingly,Happy","Pungent,Sweet,Earthy"
Bordello,hybrid,4.5,"Relaxed,Euphoric,Uplifted,Happy,Creative","Citrus,Sweet,Pine"
Boss-Hogg,hybrid,4.5,"Relaxed,Happy,Euphoric,Sleepy,Uplifted","Pungent,Sweet,Earthy"
Boysenberry,hybrid,3.6,"Giggly,Relaxed,Talkative,Energetic,Euphoric","Berry,Sweet,Earthy"
Brain-Candy,hybrid,5.0,Creative,Sweet
Brains-Damage,indica,4.4,"Euphoric,Focused,Relaxed,Sleepy,Hungry","Woody,Sweet,Earthy"
Brainstorm-Haze,sativa,3.9,"Talkative,Happy,Uplifted,Focused,Energetic","Minty,Sweet,Earthy"
Brainwreck,hybrid,4.7,"Creative,Focused,Uplifted,Happy,Euphoric","Citrus,Sweet,Earthy"
Brand-X,indica,5.0,"Sleepy,Relaxed,Hungry,Happy,Euphoric","Tar,Pine,Earthy"
Brandywine,indica,4.5,"Relaxed,Happy,Uplifted,Tingly,Euphoric","Honey,Rose,Grape"
Brazil-Amazonia,sativa,4.5,"Uplifted,Euphoric,Focused,Happy,Relaxed","Spicy,Herbal, Berry, Earthy"
Brian-Berry-Cough,hybrid,4.5,"Happy,Uplifted,Relaxed,Energetic,Hungry","Berry,Sweet,Tropical"
Bright-Fire,indica,5.0,"Hungry,Relaxed,Uplifted,Creative,Euphoric","Pungent,Citrus,Earthy"
Bright-Moments,hybrid,4.7,"Social, Euphoric","Grape, Sweet, Flowery"
Broke-Diesel,hybrid,5.0,"Uplifted,Euphoric,Creative,Energetic,Happy"," Sour, Diesel,Sweet"
Bronze-Whaler,indica,4.1,"Hungry,Relaxed"," Citrus, Earthy,Sweet"
Brooklyn-Mango,hybrid,4.9,"Euphoric,Aroused,Uplifted,Happy,Talkative","Citrus,Mango,Tropical"
Bruce-Banner,hybrid,4.6,"Happy,Euphoric,Relaxed,Uplifted,Creative","Pungent,Diesel,Earthy"
Bruce-Banner-3,hybrid,4.6,"Euphoric,Relaxed,Happy,Uplifted,Energetic","Flowery,Sweet,Earthy"
Bsc,hybrid,4.5,"Relaxed,Happy,Hungry,Euphoric,Giggly","Pungent,Sweet,Earthy"
Bubba-Berry,indica,5.0,"Sleepy,Happy,Relaxed"," Spicy,Sweet, Fruity"
Bubba-Doja,indica,4.0,"Relaxed, Sleepy, Euphoric"," Earthy,Woody"
Bubba-Fresh,hybrid,5.0,"Aroused,Sleepy,Tingly,Uplifted,Creative","Citrus,Pine,Earthy"
Bubba-Hash,indica,4.6,"Relaxed, Hungry"," Earthy, Sweet,Spicy"
Bubba-Kush,indica,4.3,"Relaxed,Happy,Sleepy,Euphoric,Hungry","Woody,Sweet,Earthy"
Bubba-Og,indica,4.3,"Happy,Relaxed,Sleepy,Euphoric,Uplifted","Pungent,Sweet,Earthy"
Bubba-Tom-Hayes,hybrid,4.9,"Euphoric,Happy,Uplifted,Creative,Talkative","Pungent,Ammonia,Earthy"
Bubba-X-Skunk,hybrid,5.0,"Creative,Euphoric,Relaxed,Happy,Tingly","Pine,Diesel,Skunk"
Bubbas-Bitch,indica,4.0,"Sleepy,Tingly,Uplifted,Hungry,Relaxed","Flowery,Rose,Earthy"
Bubbas-Gift,indica,4.6,"Relaxed,Euphoric,Happy,Uplifted,Focused","Berry,Flowery,Sweet"
Bubble-Cheese,indica,3.8,"Relaxed,Hungry,Sleepy,Tingly,Talkative","Blueberry,Cheese,Pungent"
Bubble-Gum,hybrid,4.1,"Happy,Relaxed,Euphoric,Uplifted,Hungry","Berry,Flowery,Sweet"
Bubbleberry,hybrid,4.4,"Happy,Relaxed,Focused,Uplifted,Hungry","Blueberry,Berry,Sweet"
Bubblegum-Kush,indica,4.3,"Relaxed,Happy,Sleepy,Uplifted,Talkative","Flowery,Sweet,Earthy"
Bubblegun,hybrid,3.8,"Happy,Focused,Aroused,Talkative,Uplifted","Pepper,Minty,Blueberry"
Bubblicious,hybrid,4.3,"Happy,Relaxed,Talkative,Giggly,Uplifted","Blueberry,Berry,Sweet"
Buckeye-Purple,indica,4.3,"Sleepy,Relaxed,Euphoric,Focused,Happy","Diesel,Grape,Tropical"
Buddha-Haze,sativa,4.6,"Giggly,Happy,Uplifted,Euphoric,Talkative","Nutty,Sweet,Earthy"
Buddha-Tahoe,indica,4.5,"Relaxed,Happy,Euphoric,Uplifted,Hungry","Pungent,Sweet,Earthy"
Buddhas-Hand,hybrid,4.7,"Focused,Euphoric,Energetic,Aroused,Uplifted","Pungent,Citrus,Lemon"
Buddhas-Sister,indica,4.3,"Relaxed,Sleepy,Uplifted,Happy,Euphoric","Flowery,Sweet,Earthy"
Buffalo-Bill,sativa,4.2,"Relaxed,Uplifted,Tingly,Euphoric,Happy","Woody,Pine,Earthy"
Bugatti-Og,hybrid,4.6,"Relaxed,Happy,Uplifted,Hungry,Sleepy","Berry,Pine,Earthy"
Burkle,indica,4.9,"Relaxed,Sleepy,Happy,Euphoric,Uplifted","Berry,Flowery,Pungent"
Burmese-Kush,hybrid,4.2,"Uplifted,Relaxed,Happy,Euphoric,Creative","Pungent,Pine,Earthy"
Burnt-Cookies,hybrid,4.5,"Social, Uplifted, Happy, Tingly"," Citrus, Sour,Lemon, Fruity"
Butter-Og,indica,4.3,"Relaxed,Sleepy,Happy,Euphoric,Giggly","Pungent,Butter,Sweet"
Butterscotch,indica,4.3,"Relaxed,Euphoric,Focused,Creative,Sleepy","Nutty,Citrus,Pine"
C13-Haze,sativa,4.4,"Euphoric,Creative,Uplifted,Energetic,Giggly","Pungent,Lemon,Earthy"
C3,hybrid,5.0,"Relaxed, Sleepy, Uplifted, Euphoric"," Spicy,Sweet, Lemon"
C3Po,hybrid,4.3,"Relaxed,Hungry,Sleepy,Focused,Uplifted","Lemon,Sweet,Pine"
C4,hybrid,4.5,"Relaxed,Happy,Euphoric,Creative,Uplifted","Flowery,Lime,Earthy"
Cabbage-Patch,hybrid,4.4,"Relaxed,Happy,Uplifted,Giggly,Energetic","Grapefruit,Nutty,Menthol"
Cackleberry,hybrid,4.7,"Euphoric, Relaxed, Social","Berry, Spicy, Sweet, Fruity"
Cactus,indica,4.6,"Euphoric,Happy,Uplifted,Relaxed,Hungry","Pungent,Citrus,Earthy"
Cactus-Cooler,hybrid,4.5,"Creative,Euphoric,Focused,Happy,Energetic","Citrus,Sweet,Earthy"
Cadillac-Purple,indica,4.2,"Relaxed,Sleepy,Tingly,Happy,Hungry","Berry,Grape,Earthy"
Cali-Gold,hybrid,4.5,"Uplifted,Relaxed,Happy,Sleepy,Euphoric","Skunk,Pine,Earthy"
Cali-Jack,hybrid,4.7,"Creative,Happy,Talkative,Uplifted,Euphoric","Diesel,Sweet,Skunk"
Cali-Kush,hybrid,4.2,"Relaxed,Happy,Hungry,Euphoric,Uplifted","Woody,Sweet,Earthy"
California-Grapefruit,indica,4.4,"Euphoric,Relaxed,Tingly,Talkative,Uplifted","Grapefruit,Citrus,Pepper"
California-Hash-Plant,indica,5.0,"Uplifted,Creative,Energetic,Giggly,Happy",Citrus
California-Orange,hybrid,4.3,"Happy,Relaxed,Uplifted,Euphoric,Giggly","Citrus,Orange,Sweet"
California-Sour,hybrid,3.6,"Focused,Relaxed,Euphoric,Energetic,Uplifted","Citrus,Diesel,Lemon"
Calyx-Og,hybrid,4.4,"Creative, Hungry, Uplifted, Relaxed"," Citrus, Sour,Earthy"
Cambodian,sativa,4.2,"Energetic,Talkative,Happy,Relaxed,Uplifted","Tropical,Flowery,Earthy"
Cambodian-Haze,sativa,4.6,"Euphoric,Happy,Aroused,Creative,Relaxed","Citrus,Lemon,Sweet"
Candy-Cane,indica,4.4,"Relaxed,Sleepy,Euphoric,Hungry,Happy","Sweet,Pine,Tropical"
Candy-Jack,sativa,4.3,"Happy,Energetic,Euphoric,Creative,Focused","Pungent,Citrus,Skunk"
Candyland,sativa,4.6,"Happy,Uplifted,Energetic,Euphoric,Creative","Flowery,Sweet,Earthy"
Canna-Tsu,hybrid,4.5,"Relaxed,Happy,Focused,Uplifted,Creative","Grapefruit,Woody,Earthy"
Cannadential,hybrid,4.1,"Euphoric,Happy,Relaxed,Uplifted,Energetic","Pungent,Diesel,Earthy"
Cannalope-Haze,sativa,4.2,"Happy,Relaxed,Energetic,Uplifted,Creative","Flowery,Sweet,Tropical"
Cannalope-Kush,hybrid,4.5,"Uplifted,Happy,Relaxed,Euphoric,Focused","Woody,Sweet,Earthy"
Cannasutra,indica,4.8,"Relaxed,Euphoric,Sleepy,Happy,Aroused","Berry,Sweet,Earthy"
Cannatonic,hybrid,4.3,"Relaxed,Happy,Uplifted,Focused,Euphoric","Woody,Sweet,Earthy"
Capers,indica,4.6,"Sleepy,Happy,Hungry,Relaxed,Uplifted","Pungent,Skunk,Earthy"
Capleton,hybrid,4.0,"Sleepy,Tingly,Euphoric,Giggly,Happy","Flowery,Rose,Lavender"
Captain-America-Og,hybrid,4.6,"Relaxed,Uplifted,Euphoric,Creative,Happy","Berry,Diesel,Orange"
Captains-Cake,hybrid,4.7,"Euphoric,Relaxed,Energetic,Happy,Focused","Citrus,Sweet,Earthy"
Caramel-Candy-Kush,hybrid,4.6,"Relaxed,Happy,Focused,Creative,Talkative","Coffee,Vanilla,Sweet"
Caramel-Kona-Coffee-Cookies,hybrid,4.4,"Talkative, Creative, Energetic, Uplifted"," Spicy,Sweet, Coffee"
Caramel-Kona-Coffee-Kush,indica,4.5,"Relaxed,Uplifted,Tingly,Hungry,Happy","Woody,Coffee,Vanilla"
Caramelicious,hybrid,4.2,"Focused,Happy,Relaxed,Euphoric,Creative","Coffee,Vanilla,Sweet"
Caramella,indica,4.8,"Aroused,Euphoric,Relaxed","Menthol, Spicy,Herbal, Sweet"
Caramelo,sativa,4.1,"Energetic,Happy,Uplifted,Relaxed,Talkative","Coffee,Sweet,Vanilla"
Carl-Sagan,hybrid,4.4,"Happy,Relaxed,Uplifted,Focused,Aroused","Sweet,Pine,Earthy"
Carnival,sativa,4.3,"Talkative,Uplifted,Happy,Energetic,Relaxed","Pine,Earthy"
Cascadia-Kush,indica,4.6,"Relaxed,Tingly,Sleepy,Aroused,Uplifted","Flowery,Sweet,Earthy"
Casey-Jones,sativa,4.2,"Uplifted,Happy,Energetic,Creative,Hungry","Citrus,Sweet,Earthy"
Cashus-Clay,hybrid,4.2,"Uplifted,Euphoric,Happy,Talkative,Energetic","Pungent,Butter,Earthy"
Casper-Og,indica,5.0,"Relaxed,Sleepy,Euphoric,Hungry,Uplifted","Pungent,Sweet,Earthy"
Cat-Piss,sativa,3.9,"Happy,Uplifted,Euphoric,Relaxed,Talkative","Earthy,Woody,Blueberry,Cheese"
Cataract-Kush,hybrid,4.4,"Relaxed,Happy,Hungry,Euphoric,Uplifted","Pungent,Citrus,Sweet"
Catfish,sativa,4.8,"Uplifted,Creative,Energetic,Euphoric,Happy","Chemical,Ammonia,Earthy"
Cbd-Blue-Shark,hybrid,4.3,"Relaxed,Happy,Uplifted,Focused,Euphoric","Blueberry,Flowery,Earthy"
Cbd-Critical-Cure,indica,4.6,"Relaxed,Sleepy,Happy,Focused,Euphoric","Berry,Sweet,Earthy"
Cbd-Critical-Mass,indica,4.6,"Relaxed,Happy,Sleepy,Hungry,Uplifted","Pungent,Menthol,Earthy"
Cbd-Kush,hybrid,4.5,"Relaxed,Happy,Focused,Uplifted,Euphoric","Earthy, Woody, Spicy,Herbal"
Cbd-Lilly,sativa,4.5,"Focused,Happy,Sleepy,Energetic,Euphoric",Citrus
Cbd-Mango-Haze,sativa,4.4,"Focused,Relaxed,Uplifted,Energetic,Euphoric","Flowery,Mango,Tropical"
Cbd-Ox,indica,5.0,"Aroused,Sleepy,Happy,Euphoric,Hungry","Berry,Flowery,Sweet"
Cbd-Rich-Blessing,sativa,4.4,"Relaxed, Happy, Uplifted"," Citrus, Sour,Earthy"
Cbd-Shark,indica,4.5,"Relaxed,Tingly,Happy,Sleepy,Euphoric","Nutty,Pungent,Earthy"
Cello-Sweet-Og,hybrid,4.0,"Sleepy,Relaxed,Uplifted,Creative,Euphoric","Sweet, Spicy,Herbal, Pineapple"
Central-American,sativa,4.0,"Relaxed,Euphoric,Happy,Hungry","Diesel,Sweet,Earthy"
Cerebro-Haze,sativa,4.2,"Uplifted,Happy,Relaxed,Creative,Energetic","Citrus,Pepper,Vanilla"
Chairman-Chem-Sou,hybrid,4.4,"Energetic,Happy,Uplifted,Creative,Euphoric","Citrus,Diesel,Pepper"
Champagne-Kush,hybrid,4.2,"Happy,Uplifted,Relaxed,Euphoric,Talkative","Citrus,Sweet,Earthy"
Charlie-Sheen,hybrid,4.6,"Happy,Euphoric,Relaxed,Sleepy,Focused","Lemon,Sweet,Pine"
Charlottes-Web,sativa,4.5,"Relaxed,Uplifted,Focused,Happy,Energetic","Flowery,Sweet,Earthy"
Cheese,hybrid,4.1,"Relaxed,Happy,Euphoric,Uplifted,Hungry","Pungent,Cheese,Earthy"
Cheese-Candy,hybrid,4.3,"Relaxed,Uplifted,Happy,Sleepy,Creative","Pungent,Cheese,Sweet"
Cheese-Quake,hybrid,4.3,"Euphoric,Uplifted,Relaxed,Tingly,Happy","Citrus,Rose,Ammonia"
Cheeseburger,hybrid,3.3,"Tingly,Uplifted,Relaxed,Aroused,Creative","Cheese,Pepper,Tea"
Cheesewreck,hybrid,4.3,"Happy,Relaxed,Uplifted,Creative,Euphoric","Pungent,Cheese,Woody"
Chem-Crush,hybrid,4.1,"Talkative,Energetic,Happy,Creative,Uplifted","Pungent,Sweet,Earthy"
Chem-Dog,indica,4.7,"Relaxed,Happy,Sleepy,Euphoric,Hungry","Citrus,Sweet,Lavender"
Chem-Jack,hybrid,5.0,"Talkative,Uplifted,Creative,Happy,Aroused","Flowery,Sweet,Earthy"
Chem-Jong-Ill,hybrid,5.0,"Uplifted,Creative,Happy,Talkative,Energetic","Flowery, Lemon, Chemical"
Chem-Scout,indica,4.5,"Relaxed,Euphoric,Focused,Happy,Creative","Tea,Skunk,Earthy"
Chem-Valley-Kush,hybrid,4.3,"Relaxed,Euphoric,Happy,Tingly,Sleepy","Diesel,Pine,Earthy"
Chemdawg,hybrid,4.3,"Relaxed,Happy,Euphoric,Uplifted,Creative","Pungent,Diesel,Earthy"
Chemdawg-4,hybrid,4.4,"Relaxed,Euphoric,Happy,Hungry,Uplifted","Diesel,Lemon,Pine"
Chemdawg-4-X-Alien-Og-Kush,hybrid,4.5,"Relaxed,Energetic,Happy,Euphoric,Creative","Nutty,Minty,Flowery"
Chemdawg-91,hybrid,4.5,"Euphoric,Uplifted,Relaxed,Happy,Tingly","Pungent,Diesel,Earthy"
Chemdawg-Sour-Diesel,hybrid,4.5,"Uplifted,Happy,Euphoric,Relaxed,Energetic","Pungent,Diesel,Pine"
Chemmy-Jones,hybrid,4.7,"Happy,Relaxed,Euphoric,Creative,Uplifted","Flowery,Pine,Earthy"
Chemnesia,hybrid,4.8,"Uplifted,Euphoric,Relaxed,Happy,Energetic","Citrus,Diesel,Sweet"
Chemo,indica,4.4,"Relaxed,Euphoric,Sleepy,Happy,Hungry","Woody,Pine,Earthy"
Chems-Sister,sativa,4.5,"Creative,Euphoric,Happy,Focused,Relaxed","Chemical,Citrus,Pungent"
Chemwreck,hybrid,4.6,"Uplifted,Talkative,Happy,Relaxed,Energetic","Chemical,Diesel,Pungent"
Chernobyl,hybrid,4.4,"Happy,Euphoric,Relaxed,Energetic,Uplifted","Citrus,Lemon,Lime"
Cherries-Jubilee,indica,4.4,"Euphoric,Uplifted,Relaxed,Happy,Creative","Sage,Berry,Woody"
Cherry-Ak-47,hybrid,4.4,"Relaxed,Happy,Euphoric,Uplifted,Focused","Berry,Sweet,Earthy"
Cherry-Bomb,hybrid,4.3,"Focused,Talkative,Happy,Uplifted,Relaxed","Berry,Pungent,Skunk"
Cherry-Cookies,hybrid,4.6,"Happy,Uplifted,Euphoric,Relaxed,Focused","Berry,Pungent,Sweet"
Cherry-Cream-Pie,hybrid,4.3,"Relaxed,Euphoric,Creative,Energetic,Uplifted","Chemical,Pungent,Sweet"
Cherry-Diesel,hybrid,4.7,"Relaxed,Euphoric,Energetic,Happy,Uplifted","Berry,Citrus,Sweet"
Cherry-Durban-Poison,hybrid,4.3,"Uplifted,Giggly,Sleepy,Aroused,Euphoric","Citrus,Flowery,Sweet"
Cherry-Fire,hybrid,4.7,"Calm, Uplifted, Hungry, Creative"," Sweet, Fruity,Earthy"
Cherry-Grapefruit,hybrid,4.3,"Creative,Happy,Relaxed,Tingly,Uplifted","Berry,Flowery,Sweet"
Cherry-Kola,indica,4.7,"Relaxed,Euphoric,Happy,Giggly,Tingly","Berry,Pungent,Sweet"
Cherry-Kush,hybrid,4.2,"Relaxed,Uplifted,Euphoric,Happy,Creative","Berry,Sweet,Earthy"
Cherry-Limeade,hybrid,4.3,"Relaxed,Euphoric,Happy,Tingly,Uplifted","Citrus,Sweet,Lime"
Cherry-Og,hybrid,4.2,"Euphoric,Relaxed,Happy,Uplifted,Hungry","Berry,Diesel,Sweet"
Cherry-Pie,hybrid,4.4,"Happy,Relaxed,Euphoric,Uplifted,Focused","Berry,Sweet,Earthy"
Cherry-Pie-Kush,hybrid,4.2,"Happy,Relaxed,Euphoric,Giggly,Sleepy","Berry,Sweet,Lavender"
Cherry-Sauce,hybrid,5.0,"Talkative,Tingly,Uplifted,Creative,Energetic","Spicy,Herbal, Sweet, Flowery"
Cherry-Sherbet,hybrid,4.3,"Sleepy,Giggly,Aroused,Talkative,Tingly","Berry,Diesel,Sweet"
Cherry-Skunk,hybrid,4.4,"Relaxed,Happy,Uplifted,Aroused,Hungry","Sweet,Skunk,Earthy"
Cherry-Slyder,hybrid,4.7,"Focused,Uplifted,Happy,Relaxed","Sweet,Pine,Earthy"
Cherry-Thunder-Fuck,hybrid,4.8,"Uplifted,Happy,Energetic,Euphoric,Focused","Berry,Pungent,Earthy"
Cherwillie,hybrid,5.0,"Creative,Energetic,Happy,Relaxed,Focused","Citrus,Strawberry,Sweet"
Chicle,hybrid,5.0,"Aroused,Euphoric,Focused,Happy,Hungry","Ammonia,Diesel,Minty"
Chiesel,hybrid,4.4,"Happy,Euphoric,Relaxed,Uplifted,Focused","Cheese,Pungent,Diesel"
China-Yunnan,indica,4.3,"Uplifted,Happy,Relaxed,Euphoric,Sleepy","Cheese,Sweet,Earthy"
Chiquita-Banana,hybrid,4.9,"Happy,Euphoric,Uplifted,Relaxed,Creative","Lemon,Orange,Sweet"
Chloe,hybrid,4.9,"Creative,Euphoric,Uplifted,Talkative,Focused","Earthy, Spicy,Herbal, Sweet"
Chocoholic,hybrid,4.6,"Relaxed, Hungry, Sleepy","Berry, Sweet, Fruity"
Chocolate-Chunk,indica,4.2,"Relaxed,Sleepy,Happy,Euphoric,Hungry","Woody,Sweet,Earthy"
Chocolate-Diesel,sativa,4.6,"Euphoric,Energetic,Happy,Creative,Uplifted","Nutty,Diesel,Woody"
Chocolate-Drop,hybrid,5.0,"Uplifted,Euphoric,Giggly,Happy,Relaxed","Vanilla,Earthy"
Chocolate-Fondue,sativa,4.6,"Uplifted,Relaxed,Happy,Euphoric,Focused","Cheese,Sweet,Earthy"
Chocolate-Hashberry,hybrid,4.5,"Relaxed,Happy,Euphoric,Uplifted,Sleepy","Berry,Sweet,Earthy"
Chocolate-Kush,indica,4.5,"Relaxed,Sleepy,Euphoric,Happy,Hungry","Woody,Sweet,Earthy"
Chocolate-Meringue,indica,4.6,"Social, Hungry, Euphoric"," Earthy,Lemon, Sweet"
Chocolate-Og,indica,4.8,"Relaxed,Uplifted,Euphoric,Aroused,Tingly","Pungent,Sweet,Earthy"
Chocolate-Rain,hybrid,5.0,"Creative,Happy,Talkative,Uplifted,Energetic","Coffee,Sweet,Vanilla"
Chocolate-Sap,hybrid,4.5,"Talkative,Uplifted,Energetic,Happy,Euphoric","Chemical,Citrus,Skunk"
Chocolate-Thai,sativa,4.2,"Uplifted,Happy,Energetic,Focused,Creative","Spicy,Herbal, Coffee, Woody"
Chocolate-Thunder,sativa,4.1,"Uplifted,Creative,Happy,Energetic,Focused","Honey, Nutty, Spicy,Herbal"
Chocolate-Tonic,hybrid,4.6,"Relaxed, Happy, Creative, Uplifted"," Earthy, Herbal,Sweet"
Chocolope,sativa,4.3,"Happy,Uplifted,Energetic,Focused,Euphoric","Coffee,Sweet,Earthy"
Chocolope-Kush,hybrid,4.0,"Happy,Creative,Focused,Uplifted,Euphoric","Sweet,Vanilla,Earthy"
Chong-Star,hybrid,4.5,"Relaxed,Happy,Uplifted,Creative,Euphoric","Honey,Skunk,Earthy"
Chr-Super-Og,indica,4.3,"Relaxed,Giggly,Sleepy,Happy,Talkative","Diesel,Sweet,Skunk"
Chronic,hybrid,4.4,"Relaxed,Happy,Giggly,Euphoric,Energetic","Woody, Spicy,Herbal, Sweet"
Chronic-Thunder,indica,4.5,"Relaxed,Happy,Euphoric,Sleepy,Tingly","Pungent,Diesel,Sweet"
Chuckys-Bride,hybrid,4.6,"Giggly,Happy,Energetic,Euphoric,Talkative","Pungent,Flowery,Lemon"
Chunky-Diesel,hybrid,4.6,"Energetic,Relaxed,Euphoric,Uplifted,Happy","Pungent,Diesel,Earthy"
Chupacabra,hybrid,4.8,"Focused,Relaxed,Happy,Uplifted,Energetic","Sweet,Vanilla,Earthy"
Church-Og,indica,4.1,"Relaxed,Happy,Euphoric,Sleepy,Uplifted","Lemon,Sweet,Pine"
Cinderella-99,hybrid,4.4,"Euphoric,Uplifted,Happy,Energetic,Relaxed","Citrus,Sweet,Earthy"
Cinderellas-Dream,hybrid,4.4,"Euphoric,Uplifted,Energetic,Focused,Creative","Citrus,Pepper,Sweet"
Cindy-White,hybrid,4.6,"Happy,Euphoric,Uplifted,Relaxed,Talkative","Citrus,Lemon,Earthy"
Cinex,sativa,4.3,"Energetic,Uplifted,Happy,Focused,Euphoric","Citrus,Sweet,Earthy"
Cirrus,sativa,5.0,"Uplifted,Happy,Talkative,Euphoric,Creative","Menthol,Diesel,Grape"
Citrix,hybrid,4.3,"Happy,Euphoric,Uplifted,Relaxed,Energetic","Grapefruit,Citrus,Lemon"
Citrus-Kush,hybrid,4.2,"Relaxed,Happy,Euphoric,Tingly,Uplifted","Citrus,Orange,Sweet"
Citrus-Punch,sativa,4.2,"Uplifted,Happy,Relaxed,Euphoric,Giggly","Citrus,Orange,Tropical"
Citrus-Sap,hybrid,4.4,"Happy,Euphoric,Relaxed,Uplifted,Energetic","Pungent,Citrus,Orange"
Citrus-Sunshine-Haze,hybrid,4.8,"Happy,Uplifted,Focused,Creative,Energetic","Citrus,Lemon,Orange"
Clementine,sativa,4.3,"Happy,Energetic,Focused,Uplifted,Euphoric","Citrus,Orange,Sweet"
Clementine-Kush,hybrid,4.4,"Happy,Euphoric,Relaxed,Giggly,Tingly","Citrus,Flowery,Orange"
Clementines-Terpentine,hybrid,5.0,"Aroused,Uplifted,Creative,Focused,Happy","Sweet,Pine,Earthy"
Clockwork-Orange,hybrid,5.0,"Relaxed,Happy,Uplifted,Hungry,Aroused","Spicy,Herbal, Sweet, Citrus"
Cloud-9,hybrid,4.3,"Euphoric,Energetic,Happy,Giggly,Relaxed","Flowery,Rose,Tropical"
Club-69,indica,5.0,"Sleepy,Relaxed","Diesel,Flowery,Earthy"
Cluster-Bomb,hybrid,4.3,"Euphoric,Focused,Relaxed,Sleepy,Uplifted",Sweet
Coconut-Oil,hybrid,3.0,"Aroused,Happy,Relaxed,Uplifted,Creative","Pungent,Flowery,Tropical"
Cold-Creek-Kush,hybrid,4.3,"Relaxed,Happy,Hungry,Euphoric,Uplifted","Woody,Pine,Earthy"
Colombian-Gold,sativa,4.5,"Happy,Euphoric,Energetic,Uplifted,Talkative","Earthy, Pungent, Spicy,Herbal"
Colombian-Mojito,sativa,5.0,"Aroused,Talkative,Tingly,Uplifted,Creative","Citrus,Minty,Sweet"
Colorado-Bubba,indica,4.6,"Relaxed,Happy,Sleepy,Uplifted,Creative","Pine,Mango,Pineapple"
Colorado-Chem,hybrid,4.4,"Relaxed,Uplifted,Euphoric,Happy,Tingly","Sweet,Skunk,Earthy"
Colorado-Clementines,indica,4.5,"Relaxed,Happy,Sleepy,Euphoric,Hungry","Citrus,Orange,Earthy"
Commerce-City-Kush,indica,4.3,"Relaxed,Sleepy,Euphoric,Happy,Talkative","Diesel,Flowery,Sweet"
Concord-Grape-Blockhead,hybrid,4.3,"Creative,Euphoric,Giggly,Happy,Relaxed","Grape,Sweet"
Confidential-Cheese,indica,4.5,"Sleepy,Uplifted,Relaxed,Tingly,Happy","Cheese,Woody,Pine"
Confidential-Wreck,hybrid,4.2,"Hungry,Relaxed,Tingly,Uplifted,Creative"," Earthy,Citrus, Lemon"
Congo,sativa,5.0,"Uplifted,Energetic,Euphoric,Happy,Talkative","Diesel,Sweet,Ammonia"
Connie-Chung,hybrid,4.2,"Uplifted,Relaxed,Happy,Sleepy,Creative","Sweet,Pine,Earthy"
Conspiracy-Kush,indica,4.6,"Relaxed,Happy,Sleepy,Uplifted,Giggly","Spicy,Herbal, Berry, Earthy"
Cookie-Breath,hybrid,5.0,"Happy,Relaxed,Uplifted,Giggly,Euphoric","Pungent,Sweet,Earthy"
Cookie-Dough,hybrid,4.5,"Relaxed,Happy,Euphoric,Giggly,Hungry","Sweet,Vanilla,Earthy"
Cookie-Jar,hybrid,4.6,"Relaxed,Sleepy,Euphoric,Hungry,Uplifted","Pungent,Flowery,Sweet"
Cookie-Monster,indica,4.5,"Relaxed,Happy,Hungry,Sleepy,Euphoric","Flowery,Sweet,Earthy"
Cookie-Wreck,hybrid,4.6,"Happy,Relaxed,Euphoric,Uplifted,Focused","Pungent,Sweet,Earthy"
Cookies-And-Cream,hybrid,4.6,"Relaxed,Happy,Euphoric,Uplifted,Sleepy","Sweet,Vanilla,Earthy"
Cookies-And-Dream,hybrid,4.5,"Uplifted,Relaxed,Happy,Euphoric,Giggly","Berry,Citrus,Sweet"
Cookies-Kush,indica,4.5,"Relaxed,Happy,Euphoric,Hungry,Sleepy","Pungent,Sweet,Earthy"
Copper-Kush,indica,3.9,"Relaxed,Euphoric,Happy,Uplifted,Tingly","Pungent,Woody,Earthy"
Corleone-Kush,indica,4.6,"Relaxed,Euphoric,Happy,Hungry,Sleepy","Earthy, Spicy,Herbal, Flowery"
Cornbread,indica,4.6,"Relaxed,Euphoric,Hungry,Happy,Sleepy","Citrus,Lemon,Woody"
Cosmic-Collision,sativa,4.2,"Uplifted,Energetic,Talkative,Euphoric,Relaxed","Minty,Sweet,Earthy"
Cotton-Candy-Kush,hybrid,4.3,"Relaxed,Happy,Euphoric,Uplifted,Energetic","Berry,Flowery,Sweet"
Cotton-Purple-Chem,hybrid,4.4,"Relaxed,Uplifted,Euphoric,Happy,Tingly","Berry,Sweet,Earthy"
Cowboy-Kush,hybrid,4.8,"Happy,Uplifted,Euphoric,Relaxed,Creative","Diesel,Pine,Earthy"
Cracker-Jack,sativa,4.2,"Energetic,Creative,Focused,Happy,Euphoric","Citrus,Woody,Sweet"
Crater-Lake,hybrid,4.6,"Happy,Uplifted,Talkative,Relaxed,Creative","Pungent,Citrus,Pine"
Crazy-Miss-Hyde,hybrid,4.9,"Uplifted,Happy,Euphoric,Relaxed,Creative","Butter,Sweet,Vanilla"
Cream-Caramel,indica,4.2,"Relaxed,Happy,Sleepy,Tingly,Focused","Honey,Butter,Sweet"
Crimea-Blue,hybrid,4.3,"Happy,Uplifted,Euphoric,Sleepy,Creative","Blueberry,Berry,Tea"
Critical-47,hybrid,4.3,"Relaxed,Sleepy,Happy,Giggly,Talkative","Honey,Sweet,Skunk"
Critical-Bilbo,hybrid,4.4,"Relaxed,Happy,Hungry,Sleepy,Euphoric","Tobacco,Sweet,Earthy"
Critical-Cheese,hybrid,4.2,"Euphoric,Focused,Happy,Relaxed,Energetic","Pungent,Cheese,Earthy"
Critical-Haze,hybrid,4.3,"Relaxed,Happy,Uplifted,Hungry,Giggly","Citrus,Pine,Earthy"
Critical-Hog,indica,4.2,"Relaxed,Happy,Uplifted,Euphoric,Sleepy","Flowery,Woody,Earthy"
Critical-Jack,hybrid,4.4,"Energetic,Creative,Happy,Focused,Uplifted","Citrus,Woody,Pine"
Critical-Kali-Mist,sativa,4.6,"Creative,Focused,Uplifted,Happy,Euphoric","Sweet,Pine,Earthy"
Critical-Kush,indica,4.5,"Relaxed,Happy,Sleepy,Euphoric,Uplifted","Pungent,Sweet,Earthy"
Critical-Mass,indica,4.3,"Relaxed,Happy,Sleepy,Euphoric,Hungry","Pungent,Sweet,Earthy"
Critical-Plus,hybrid,4.2,"Relaxed,Happy,Hungry,Sleepy,Creative","Woody, Spicy,Herbal, Pungent"
Critical-Plus-20,indica,4.2,"Happy,Relaxed,Uplifted,Euphoric,Aroused","Lemon,Pine,Earthy"
Critical-Sensi-Star,indica,4.2,"Relaxed,Sleepy,Happy,Uplifted,Euphoric","Citrus,Lemon,Sweet"
Critical-Skunk,hybrid,4.5,"Happy,Relaxed,Creative,Hungry,Aroused","Skunk,Earthy"
Critical-Widow,hybrid,4.3,"Relaxed,Euphoric,Uplifted,Focused,Sleepy","Pungent,Citrus,Sweet"
Critters-Cookies,hybrid,3.5,"Uplifted,Tingly,Relaxed,Euphoric,Aroused","Pungent,Lemon,Earthy"
Cronuts,hybrid,4.7,"Uplifted, Energized, Euphoric"," Woody, Sweet,Earthy"
Crosswalker,indica,4.4,"Relaxed,Happy,Euphoric,Uplifted,Creative","Blueberry,Sweet,Pine"
Crouching-Tiger-Hidden-Alien,indica,4.8,"Relaxed,Happy,Euphoric,Tingly,Uplifted","Pine, Spicy,Herbal, Earthy"
Crown-Og,indica,4.7,"Relaxed,Happy,Sleepy,Uplifted,Euphoric","Diesel,Pepper,Earthy"
Crown-Royale,indica,4.7,"Relaxed,Happy,Euphoric,Sleepy,Aroused","Berry,Flowery,Sweet"
Crunch-Berry-Kush,hybrid,4.4,"Relaxed,Happy,Euphoric,Sleepy,Uplifted","Berry,Sweet,Honey"
Crypt,hybrid,4.4,"Relaxed,Euphoric,Focused,Happy,Uplifted","Pungent,Cheese,Sweet"
Crystal-Coma,sativa,4.6,"Happy,Uplifted,Euphoric,Focused,Creative","Citrus,Flowery,Earthy"
Crystal-Gayle,hybrid,4.4,"Focused,Creative,Euphoric,Happy,Hungry","Diesel,Skunk,Earthy"
Crystalberry,indica,4.5,"Aroused,Relaxed,Uplifted,Giggly,Happy","Blueberry,Berry,Grape"
Cuvee,indica,4.5,"Euphoric,Happy,Relaxed,Giggly,Tingly","Berry,Grape,Earthy"
Dairy-Queen,hybrid,4.4,"Happy,Relaxed,Euphoric,Uplifted,Creative","Cheese,Sweet,Earthy"
Dakini-Kush,indica,4.5,"Relaxed,Sleepy,Happy,Euphoric,Giggly","Earthy, Coffee, Spicy,Herbal"
Damn-Sour,sativa,4.0,"Hungry,Happy,Tingly,Uplifted,Creative","Ammonia,Sweet,Earthy"
Damnesia,hybrid,4.2,"Relaxed,Happy,Euphoric,Uplifted,Energetic","Spicy,Herbal, Pepper, Earthy"
Dance-World,sativa,4.6,"Happy,Relaxed,Uplifted,Euphoric,Talkative","Earthy, Citrus, Spicy,Herbal"
Dancehall,hybrid,4.6,"Happy,Relaxed,Uplifted,Energetic,Creative","Citrus,Flowery,Earthy"
Dank-Schrader,indica,4.9,"Relaxed,Happy,Uplifted,Euphoric,Hungry","Earthy,Pine,Tropical"
Dank-Sinatra,hybrid,5.0,"Happy,Uplifted,Relaxed,Sleepy,Euphoric","Berry,Diesel,Tropical"
Dark-Blue-Dream,hybrid,4.6,"Happy,Euphoric,Relaxed,Uplifted,Giggly","Blueberry,Berry,Sweet"
Dark-Side-Of-The-Moon,indica,4.6,"Relaxed,Sleepy,Euphoric,Happy,Uplifted","Berry, Earthy, Spicy,Herbal"
Dark-Star,indica,4.4,"Relaxed,Sleepy,Happy,Hungry,Euphoric","Pungent,Skunk,Earthy"
Darkside-Og,indica,4.6,"Sleepy,Relaxed,Euphoric,Hungry,Happy","Citrus,Lemon,Earthy"
Darth-Vader-Og,indica,4.4,"Relaxed,Sleepy,Euphoric,Hungry,Tingly","Grape,Pine,Earthy"
Dawgfather-Og,hybrid,4.1,"Sleepy,Relaxed","Spicy,Herbal, Pepper, Pungent"
Dawgs-Waltz,hybrid,4.6,"Euphoric,Relaxed,Uplifted,Happy,Sleepy","Sweet,Skunk,Earthy"
Day-Tripper,hybrid,4.0,"Uplifted,Euphoric,Happy,Relaxed,Sleepy","Blueberry,Strawberry,Pineapple"
Deadhead-Og,hybrid,4.4,"Uplifted,Relaxed,Happy,Euphoric,Creative","Diesel,Pine,Earthy"
Deadwood,indica,3.9,"Happy,Talkative,Uplifted,Giggly,Relaxed","Berry,Lavender,Earthy"
Death-Bubba,indica,4.7,"Relaxed,Sleepy,Happy,Euphoric,Uplifted","Pungent,Sweet,Earthy"
Death-Star,indica,4.6,"Relaxed,Happy,Euphoric,Sleepy,Uplifted","Pungent,Diesel,Earthy"
Deathstar-Og,indica,4.6,"Relaxed,Happy,Sleepy,Euphoric,Tingly","Diesel,Skunk,Earthy"
Deep-Cheese,hybrid,4.3,"Relaxed,Uplifted,Creative,Hungry,Talkative","Pungent,Cheese,Skunk"
Deep-Chunk,indica,4.3,"Happy,Relaxed,Sleepy,Uplifted,Creative","Ammonia,Earthy,Plum"
Deep-Purple,indica,3.9,"Relaxed,Happy,Euphoric,Sleepy,Tingly","Sweet,Grape,Earthy"
Deep-Sleep,indica,4.5,"Relaxed,Euphoric,Sleepy,Tingly,Happy","Pungent,Sweet,Earthy"
Delahaze,sativa,4.5,"Uplifted,Happy,Energetic,Focused,Talkative","Citrus,Sweet,Mango"
Denver-Maple,indica,4.4,"Relaxed,Sleepy,Giggly,Tingly,Uplifted","Sweet,Pine,Earthy"
Desert-Star,hybrid,4.8,"Hungry,Sleepy,Tingly,Uplifted,Creative",Earthy
Destroyer,sativa,4.9,"Energetic,Uplifted,Euphoric,Giggly,Happy","Sweet,Lavender,Ammonia"
Devil-Fruit,indica,4.4,"Relaxed,Happy,Euphoric,Focused,Hungry","Spicy,Herbal, Pepper, Sweet"
Devils-Tit,sativa,4.1,"Energetic,Focused,Relaxed,Talkative,Tingly","Spicy,Herbal, Pepper, Earthy"
Diablo,indica,4.1,"Happy,Tingly,Euphoric,Creative,Uplifted","Sweet, Earthy, Spicy,Herbal"
Diamond-Og,indica,4.5,"Relaxed,Sleepy,Happy,Uplifted,Euphoric","Earthy, Spicy,Herbal, Pine"
Diamond-Socks,hybrid,4.3,"Happy,Relaxed"," Sweet, Fruity,Earthy"
Diamond-Valley-Kush,hybrid,5.0,"Happy,Relaxed,Sleepy,Creative,Energetic","Earthy, Spicy,Herbal, Pungent"
Diesel-Duff,hybrid,3.8,"Euphoric,Happy,Talkative,Giggly,Uplifted","Honey,Flowery,Sweet"
Dieseltonic,hybrid,4.1,"Relaxed,Sleepy,Giggly,Focused,Uplifted","Diesel,Woody,Earthy"
Digweed,indica,3.9,"Happy,Uplifted,Relaxed,Sleepy,Giggly","Earthy, Skunk, Spicy,Herbal"
Dinachem,hybrid,4.7,"Talkative,Relaxed,Happy,Energetic,Giggly","Pungent,Earthy,Tropical"
Dirty-Girl,sativa,4.5,"Uplifted,Happy,Focused,Euphoric,Energetic","Citrus,Lemon,Sweet"
Dirty-Old-Bastard,indica,5.0,"Relaxed, Happy, Social","Spicy,Herbal, Flowery"
Dirty-Widow,hybrid,4.2,"Uplifted,Energetic,Talkative,Tingly,Euphoric","Pungent,Sweet,Earthy"
Disney-Blue,hybrid,4.5,"Happy,Creative,Energetic,Focused,Giggly","Apple,Sweet,Lime"
Dizzy-Og,hybrid,5.0,"Giggly,Relaxed,Uplifted,Happy,Hungry","Sweet, Pungent, Spicy,Herbal"
Dj-Andy-Williams,sativa,5.0,"Creative,Energetic"," Vanilla,Citrus, Herbal"
Dj-Short-Blueberry,indica,4.4,"Relaxed,Euphoric,Happy,Uplifted,Sleepy","Blueberry,Berry,Sweet"
Dj-Smoke,hybrid,4.0,"Euphoric,Relaxed,Aroused,Talkative,Uplifted","Citrus,Sweet,Lavender"
Django,sativa,4.6,"Energetic,Uplifted,Happy,Talkative,Euphoric","Flowery,Sweet,Earthy"
Do-Over-Og,hybrid,4.7,"Talkative,Uplifted,Creative,Euphoric,Happy"," Spicy,Sweet, Pine"
Do-Si-Dos,indica,4.8,"Relaxed,Euphoric,Sleepy,Happy,Hungry","Pungent,Sweet,Earthy"
Doctor-Doctor,sativa,5.0,"Relaxed,Uplifted,Focused,Happy,Aroused","Citrus,Strawberry,Sweet"
Dog-Shit,hybrid,4.3,"Creative,Euphoric,Relaxed,Uplifted,Happy","Pungent,Berry,Earthy"
Dogwalker-Og,hybrid,4.7,"Relaxed,Happy,Euphoric,Sleepy,Uplifted","Pungent,Skunk,Earthy"
Dolla-Sign-Og-Kush,indica,5.0,"Creative,Sleepy,Uplifted,Energetic,Hungry","Pungent,Flowery,Sweet"
Domino,indica,4.0,"Sleepy,Happy,Tingly,Uplifted,Euphoric","Spicy, Pepper"
Don-Shula,hybrid,5.0,"Uplifted,Euphoric,Relaxed,Talkative,Happy","Citrus,Diesel,Tropical"
Donegal,hybrid,3.8,"Euphoric,Relaxed,Sleepy,Talkative,Energetic","Pungent,Woody,Earthy"
Donna-Og,hybrid,4.6,"Creative,Euphoric,Relaxed,Happy,Hungry","Pungent,Citrus,Sweet"
Doobiebird-Daydream,hybrid,4.6,"Euphoric,Tingly,Happy,Talkative,Relaxed","Blueberry,Sweet,Earthy"
Doox,sativa,4.4,"Uplifted,Energetic,Happy,Focused,Tingly","Citrus,Sweet,Lime"
Dopium,hybrid,4.5,"Relaxed,Euphoric,Focused,Energetic,Uplifted","Pungent,Pine,Earthy"
Dorit,indica,4.4,"Relaxed,Euphoric,Uplifted,Tingly,Sleepy","Ammonia, Spicy,Herbal, Minty"
Double-Barrel-Og,hybrid,4.2,"Relaxed,Euphoric,Hungry,Sleepy,Uplifted","Citrus,Earthy"
Double-D,indica,4.3,"Euphoric,Happy,Uplifted,Aroused,Energetic","Pungent,Sweet,Skunk"
Double-Diesel,sativa,4.2,"Creative,Happy,Focused,Energetic,Euphoric","Citrus,Diesel,Lime"
Double-Dream,hybrid,4.5,"Uplifted,Relaxed,Happy,Focused,Euphoric","Berry,Sweet,Earthy"
Double-Dutch,hybrid,4.3,"Hungry,Uplifted,Talkative,Creative,Energetic","Tar,Sweet,Earthy"
Double-Mint,indica,5.0,"Uplifted,Euphoric,Sleepy,Talkative,Tingly","Minty, Lemon"
Double-Og,indica,4.6,"Sleepy,Happy,Euphoric,Relaxed,Focused","Diesel,Skunk,Earthy"
Double-Purple-Doja,indica,4.7,"Relaxed,Creative,Sleepy,Happy,Euphoric","Pungent,Grape,Earthy"
Double-Tangie-Banana,hybrid,4.4,"Happy,Uplifted,Relaxed,Energetic,Euphoric","Citrus,Orange,Sweet"
Double-Tap,indica,5.0,"Talkative,Happy,Relaxed","Berry, Sweet, Grape"
Dougs-Varin,sativa,5.0,"Uplifted,Creative,Energetic,Focused,Talkative"," Woody,Citrus, Spicy"
Dr-Bubbles,hybrid,4.0,"Focused, Social, Euphoric","Flowery, Fruity, Earthy, Sweet"
Dr-Feelgood,hybrid,4.5,"Happy,Relaxed,Tingly,Euphoric,Sleepy","Nutty,Woody,Earthy"
Dr-Funk,indica,4.6,"Relaxed,Happy,Tingly,Sleepy,Aroused","Blueberry,Berry,Earthy"
Dr-Grinspoon,sativa,4.8,"Happy,Energetic,Uplifted,Creative,Talkative","Pungent,Citrus,Earthy"
Dr-Quantum,hybrid,4.4,"Uplifted, Happy, Creative","Citrus, Earthy, Sour"
Dr-Who,hybrid,4.5,"Relaxed,Happy,Euphoric,Uplifted,Creative","Berry,Sweet,Earthy"
Dragon-Og,hybrid,4.4,"Uplifted,Happy,Relaxed,Euphoric,Focused","Berry,Diesel,Tropical"
Dragons-Breath,hybrid,4.6,"Happy,Uplifted,Talkative,Relaxed,Creative","Spicy,Herbal, Earthy, Skunk"
Dreadlock,hybrid,4.0,"Focused,Relaxed,Talkative,Tingly,Uplifted","Sage,Diesel,Earthy"
Dream-Beaver,sativa,4.7,"Happy,Uplifted,Energetic,Talkative,Creative","Pineapple, Woody, Spicy,Herbal"
Dream-Berry,indica,4.5,"Relaxed,Sleepy,Euphoric,Happy,Giggly","Berry,Citrus,Diesel"
Dream-Lotus,hybrid,4.3,"Happy,Uplifted,Relaxed,Euphoric,Energetic","Spicy,Herbal, Woody, Tea"
Dream-Police,hybrid,3.7,"Uplifted,Talkative,Energetic,Euphoric,Creative","Blueberry,Citrus,Pepper"
Dream-Queen,hybrid,4.3,"Happy,Uplifted,Euphoric,Relaxed,Energetic","Citrus,Sweet,Earthy"
Dream-Star,hybrid,4.8,"Euphoric,Creative,Uplifted,Talkative,Relaxed","Woody,Sweet,Earthy"
Dreamers-Glass,hybrid,4.4,"Uplifted,Euphoric,Creative,Relaxed,Giggly","Sweet,Skunk,Earthy"
Drizella,sativa,4.8,"Uplifted,Energetic,Happy,Euphoric,Giggly","Pungent,Sweet,Earthy"
Duke-Nukem,hybrid,4.4,"Creative,Happy,Energetic,Focused,Euphoric","Pungent,Sweet,Earthy"
Durban-Berry,hybrid,4.6,"Focused,Relaxed,Happy,Creative,Uplifted","Citrus,Lemon,Pine"
Durban-Cheese,hybrid,4.2,"Hungry,Euphoric,Uplifted,Giggly,Relaxed","Blueberry,Cheese,Earthy"
Durban-Cookies,sativa,4.5,"Happy,Uplifted,Euphoric,Relaxed,Hungry","Woody,Sweet,Earthy"
Durban-Poison,sativa,4.4,"Energetic,Happy,Uplifted,Euphoric,Focused","Sweet,Pine,Earthy"
Durga-Mata,indica,4.9,"Relaxed,Happy,Giggly,Uplifted,Creative","Citrus,Minty,Earthy"
Dutch-Crunch,hybrid,4.2,"Tingly,Focused,Hungry,Relaxed,Aroused","Spicy,Herbal, Pepper, Citrus"
Dutch-Dragon,sativa,4.5,"Euphoric,Relaxed,Happy,Creative,Focused","Citrus,Sweet,Minty"
Dutch-Hawaiian,sativa,4.3,"Happy,Relaxed,Uplifted,Euphoric,Energetic","Citrus,Sweet,Tropical"
Dutch-Haze,sativa,4.0,"Relaxed,Energetic,Creative,Happy,Aroused","Citrus,Earthy"
Dutch-Kush,indica,3.9,"Hungry,Relaxed,Sleepy,Giggly,Creative","Berry,Flowery,Coffee"
Dutch-Queen,hybrid,4.4,"Happy,Relaxed,Tingly,Talkative,Euphoric","Pungent,Sweet,Earthy"
Dutch-Thunder-Fuck,hybrid,4.9,"Uplifted,Euphoric,Talkative,Relaxed,Creative","Citrus,Lemon,Earthy"
Dutch-Treat,hybrid,4.3,"Relaxed,Happy,Euphoric,Uplifted,Focused","Sweet,Pine,Earthy"
Dutch-Treat-Haze,hybrid,4.5,"Happy,Uplifted,Relaxed,Euphoric,Energetic","Berry,Citrus,Earthy"
Dutchberry,hybrid,4.5,"Happy,Uplifted,Energetic,Relaxed,Creative","Berry,Orange,Sweet"
Dynamite,indica,4.4,"Relaxed,Euphoric,Happy,Hungry,Sleepy","Grapefruit,Citrus,Earthy"
Early-Girl,indica,3.8,"Relaxed,Happy,Hungry,Uplifted,Talkative","Citrus,Pine,Earthy"
Early-Miss,hybrid,3.9,"Creative,Euphoric,Relaxed,Aroused,Talkative","Pepper, Ammonia, Spicy,Herbal"
Early-Pearl,sativa,3.9,"Relaxed,Hungry,Euphoric,Focused,Talkative","Tea,Sweet,Earthy"
Early-Skunk,hybrid,4.1,"Relaxed,Uplifted,Hungry,Happy,Energetic","Flowery,Skunk,Earthy"
Earth-Og,hybrid,4.2,"Relaxed,Sleepy,Hungry,Happy,Creative","Earthy, Spicy,Herbal, Pine"
Earthquake,hybrid,4.5,"Creative,Euphoric,Uplifted,Happy,Energetic","Woody,Pine,Earthy"
Earthshaker-Og,hybrid,4.4,"Happy,Euphoric,Aroused,Creative,Energetic",Earthy
East-Coast-Alien,sativa,4.4,"Happy,Euphoric,Hungry,Relaxed,Focused","Diesel, Earthy, Spicy,Herbal"
East-Coast-Sour-Diesel,sativa,4.3,"Happy,Euphoric,Relaxed,Energetic,Uplifted","Pungent,Diesel,Lemon"
Eastern-European,indica,5.0,"Sleepy,Happy,Relaxed","Woody,Pine,Earthy"
Easy-Bud,hybrid,4.7,"Euphoric,Relaxed,Uplifted,Creative,Happy","Lemon, Skunk, Spicy,Herbal"
Easy-Peezy,hybrid,4.5,"Relaxed,Sleepy,Uplifted,Creative,Euphoric","Lemon, Spicy,Herbal, Earthy"
Ebola-7,hybrid,4.5,"Talkative,Creative,Relaxed,Uplifted,Energetic","Sweet, Spicy,Herbal, Pine"
Ecto-Cooler,hybrid,4.4,"Happy,Euphoric,Uplifted,Creative,Focused","Chemical,Citrus,Earthy"
Ed-Rosenthal-Super-Bud,hybrid,4.3,"Uplifted,Relaxed,Focused,Creative,Euphoric","Citrus,Pine,Earthy"
Edelweiss,indica,4.1,"Happy,Relaxed,Hungry,Sleepy,Creative","Sweet,Lime,Earthy"
El-Chapo-Og,indica,4.7,"Relaxed,Happy,Uplifted,Sleepy,Euphoric","Pungent,Flowery,Earthy"
El-Jeffe,indica,4.7,"Euphoric,Relaxed,Happy,Tingly,Uplifted","Pungent,Pine,Earthy"
El-Na,hybrid,5.0,"Aroused,Tingly,Happy,Relaxed","Pungent,Pine,Earthy"
El-Nino,hybrid,3.8,"Happy,Sleepy,Relaxed,Uplifted,Talkative","Earthy, Woody, Spicy,Herbal"
El-Perro,hybrid,4.9,"Happy,Relaxed,Uplifted,Euphoric,Sleepy","Pungent,Pine,Earthy"
Elderberry-Kush,hybrid,4.1,"Relaxed,Happy,Hungry,Sleepy,Euphoric","Berry,Woody,Earthy"
Electric-Black-Mamba,indica,5.0,"Relaxed,Uplifted,Creative,Sleepy,Euphoric","Pine,Earthy"
Electric-Kool-Aid,hybrid,4.8,"Happy,Uplifted,Talkative,Euphoric,Giggly","Berry,Diesel,Grape"
Electric-Lemon-G,sativa,4.2,"Euphoric,Happy,Focused,Uplifted,Energetic","Citrus,Lemon,Lime"
Electric-Lemonade,sativa,4.8,"Creative,Happy,Tingly,Uplifted,Energetic","Berry,Lemon,Orange"
Elephant,sativa,4.0,"Sleepy,Happy,Euphoric,Focused,Aroused","Tropical,Sweet,Earthy"
Elmers-Glue,hybrid,4.8,"Hungry,Relaxed,Uplifted,Euphoric,Focused","Sage,Pepper,Sweet"
Elphinstone,sativa,4.5,"Happy,Uplifted,Focused,Talkative,Energetic","Sweet,Skunk,Tropical"
Elvis,hybrid,4.6,"Relaxed,Uplifted,Euphoric,Talkative,Sleepy","Flowery,Sweet,Earthy"
Emerald-Jack,sativa,4.4,"Happy,Uplifted,Euphoric,Energetic,Creative","Grape,Pine,Earthy"
Emerald-Og,indica,4.7,"Relaxed,Sleepy,Happy,Euphoric,Uplifted","Citrus,Woody,Earthy"
Emperor-Cookie-Dough,hybrid,4.9,"Uplifted,Relaxed,Euphoric,Giggly,Happy","Citrus,Diesel,Sweet"
Endless-Sky,indica,4.5,"Euphoric,Relaxed,Happy,Sleepy,Hungry","Berry,Butter,Sweet"
Enemy-Of-The-State,indica,4.1,"Euphoric,Aroused,Focused,Tingly,Giggly","Spicy,Herbal, Tree, Fruit, Earthy"
Enigma,indica,4.6,"Relaxed,Happy,Sleepy,Giggly,Euphoric","Pungent,Citrus,Flowery"
Eran-Almog,indica,4.3,"Relaxed,Euphoric,Happy,Sleepy,Uplifted","Citrus,Woody,Earthy"
Erdpurt,indica,4.7,"Relaxed, Happy, Creative"," SPicy, Berry,Earthy"
Erez,indica,4.3,"Relaxed,Happy,Sleepy,Euphoric,Tingly","Blueberry,Berry,Flowery"
Ether,indica,3.5,"Sleepy,Uplifted,Euphoric,Happy,Hungry","Chemical, Sweet, Diesel"
Ethiopian,sativa,3.0,Hungry,Coffee
Eugene-Cream,hybrid,4.6,"Relaxed,Sleepy,Tingly,Creative,Euphoric","Butter,Sweet,Earthy"
Euphoria,sativa,4.3,"Euphoric,Happy,Energetic,Creative,Relaxed","Sweet,Skunk,Earthy"
Euphoria-Cookies,hybrid,5.0,"Euphoric,Creative,Uplifted,Happy,Relaxed","Citrus,Sweet,Tropical"
Everlast,indica,4.6,"Relaxed,Sleepy,Happy,Tingly,Euphoric","Flowery,Skunk,Earthy"
Ewok,hybrid,4.6,"Relaxed,Happy,Euphoric,Creative,Uplifted","Pungent,Woody,Earthy"
Exodus-Cheese,hybrid,4.3,"Uplifted,Relaxed,Euphoric,Happy,Focused","Blueberry,Citrus,Cheese"
Extreme-Cream,indica,4.8,"Relaxed,Sleepy,Happy,Uplifted,Euphoric","Butter,Sweet,Earthy"
Extreme-Og,indica,4.9,"Relaxed,Sleepy,Hungry,Happy,Aroused","Pungent,Lime,Earthy"
Face-Off-Og,indica,4.8,"Relaxed,Sleepy,Euphoric,Tingly,Happy","Pungent,Sweet,Earthy"
Fallen-Angel,indica,5.0,"Hungry,Relaxed,Sleepy,Uplifted,Euphoric","Sage,Sweet,Earthy"
False-Teeth,hybrid,5.0,"Uplifted,Relaxed,Creative,Happy,Tingly","Diesel,Grape,Earthy"
Fast-Eddy,hybrid,4.2,"Sleepy,Happy,Relaxed,Creative,Euphoric","Pungent,Citrus,Skunk"
Fat-Axl,hybrid,4.3,"Talkative,Uplifted,Creative,Happy,Energetic","Diesel,Skunk,Earthy"
Fat-Nelson,hybrid,4.6,"Euphoric,Happy,Uplifted,Creative,Energetic","Sage,Pungent,Citrus"
Fat-Purple,indica,4.7,"Aroused,Euphoric,Relaxed,Giggly,Happy","Berry,Grape,Sweet"
Faygo-Red-Pop,indica,4.8,"Relaxed,Happy,Creative,Euphoric,Giggly","Strawberry, Spicy,Herbal, Sage"
Fighting-Buddha,sativa,5.0,"Creative, Social, Uplifted, Focused"," Sweet,Spicy, Berry"
Fire-Alien-Kush,hybrid,4.5,"Uplifted,Happy,Euphoric,Aroused,Giggly","Earthy, Woody, Spicy,Herbal"
Fire-Alien-Strawberry,hybrid,4.0,"Talkative,Happy,Hungry,Relaxed,Energetic","Spicy,Herbal, Strawberry, Earthy"
Fire-Haze,sativa,4.2,"Euphoric,Focused,Happy,Relaxed,Uplifted","Berry,Sweet,Earthy"
Fire-Og,hybrid,4.4,"Relaxed,Happy,Euphoric,Uplifted,Energetic","Citrus,Lemon,Earthy"
Firewalker-Og,sativa,4.3,"Uplifted,Happy,Relaxed,Euphoric,Creative","Citrus,Woody,Pine"
First-48,hybrid,4.0,"Uplifted,Focused,Hungry,Relaxed"," Sour,Citrus, Fresh"
Flaming-Cookies,indica,4.2,"Happy,Relaxed,Euphoric,Tingly,Sleepy","Spicy,Herbal, Sweet, Diesel"
Flo,hybrid,4.2,"Happy,Uplifted,Relaxed,Creative,Focused","Flowery,Sweet,Earthy"
Flo-Limone,sativa,4.8,"Euphoric,Relaxed,Uplifted,Happy,Tingly","Lemon,Sweet,Tropical"
Flo-Og,indica,4.6,"Happy,Relaxed,Euphoric,Uplifted,Creative","Pungent,Flowery,Earthy"
Flo-Walker,hybrid,4.8,"Happy,Relaxed,Creative,Energetic,Euphoric","Citrus,Lemon,Earthy"
Flowerbomb-Kush,indica,4.6,"Happy,Relaxed,Creative,Hungry,Euphoric","Citrus,Sweet,Earthy"
Flowers-For-Algernon,hybrid,5.0,"Uplifted,Creative,Aroused,Talkative,Energetic","Minty,Citrus,Diesel"
Fn-Louzer,indica,4.4,"Sleepy,Relaxed,Aroused,Tingly,Focused","Pungent,Diesel,Earthy"
Forbidden-Fruit,indica,4.6,"Relaxed,Happy,Euphoric,Sleepy,Creative","Grapefruit,Citrus,Tropical"
Fortune-Cookies,hybrid,4.6,"Relaxed,Happy,Focused,Euphoric,Creative","Honey,Sweet,Earthy"
Four-Cups,hybrid,5.0,"Aroused,Talkative,Tingly,Uplifted,Energetic","Earthy, Diesel, Spicy,Herbal"
Four-Star-General,hybrid,4.8,"Euphoric,Hungry,Sleepy,Relaxed,Happy","Diesel,Flowery,Earthy"
Four-Way,indica,5.0,"Sleepy,Euphoric,Relaxed,Focused","Honey,Pepper,Sweet"
Frankenstein,indica,4.4,"Relaxed,Sleepy,Euphoric,Happy,Tingly","Tobacco,Lavender,Earthy"
Franks-Gift,hybrid,3.9,"Relaxed,Happy,Focused,Giggly,Uplifted","Tobacco,Woody,Skunk"
Fred-Flipn-Stoned,indica,5.0,"Happy,Relaxed,Sleepy,Tingly,Euphoric","Spicy,Herbal, Sage, Tree, Fruit"
Freezeland,indica,3.6,"Relaxed,Sleepy,Focused,Talkative,Happy","Woody,Pine,Earthy"
Frida,indica,4.9,"Relaxed,Happy,Creative,Sleepy,Aroused","Lemon,Pine,Earthy"
Frisian-Dew,hybrid,4.2,"Euphoric,Relaxed,Happy,Uplifted,Tingly","Pungent,Citrus,Sweet"
Frisian-Duck,hybrid,4.4,"Euphoric,Hungry,Relaxed,Sleepy,Happy","Citrus,Woody,Sweet"
Frostbite,sativa,4.3,"Sleepy,Tingly,Happy,Relaxed,Uplifted","Berry,Skunk,Earthy"
Frosted-Freak,hybrid,4.8,"Happy,Relaxed,Focused,Euphoric,Uplifted","Flowery,Vanilla,Lime"
Frosty,indica,4.4,"Sleepy,Relaxed,Creative,Hungry,Happy","Sweet,Skunk,Earthy"
Frosty-Jesus,hybrid,5.0,"Relaxed, Hungry, Tingly"," Sour,Sweet, Lemon"
Fruit-Loops,hybrid,4.5,"Relaxed,Happy,Uplifted,Euphoric,Focused","Berry,Lemon,Sweet"
Fruit-Punch,sativa,4.6,"Happy,Energetic,Creative,Focused,Uplifted","Berry,Sweet,Skunk"
Fruit-Spirit,hybrid,4.4,"Focused,Happy,Relaxed,Euphoric,Sleepy","Blueberry,Sweet,Earthy"
Fruity-Chronic-Juice,indica,4.2,"Relaxed,Euphoric,Happy,Uplifted,Creative","Grapefruit,Citrus,Tropical"
Fruity-Pebbles,hybrid,4.4,"Happy,Relaxed,Uplifted,Euphoric,Giggly","Berry,Sweet,Tropical"
Fruity-Widow,hybrid,4.9,"Relaxed,Sleepy,Happy,Hungry,Talkative","Blueberry,Sweet"
Fruitylicious,indica,4.0,"Relaxed,Happy,Euphoric,Uplifted,Aroused","Blueberry,Minty,Sweet"
Fucking-Incredible,indica,4.3,"Relaxed,Happy,Euphoric,Hungry,Giggly","Pungent,Woody,Earthy"
Full-Moon,sativa,4.9,"Aroused,Creative,Euphoric,Happy,Uplifted","Spicy,Herbal, Citrus, Earthy"
Funfetti,hybrid,4.8,"Happy,Relaxed,Euphoric,Energetic,Uplifted","Berry,Woody,Earthy"
Funky-Monkey,indica,4.4,"Relaxed,Tingly,Happy,Giggly,Uplifted","Berry,Grape,Earthy"
Future,hybrid,4.8,"Relaxed,Euphoric,Uplifted,Sleepy,Happy","Citrus,Diesel,Earthy"
G-13,indica,4.4,"Relaxed,Happy,Euphoric,Uplifted,Hungry","Woody,Sweet,Earthy"
G-Force,indica,5.0,"Sleepy, Relaxed","Diesel, Sweet"
G13-Diesel,hybrid,4.8,"Euphoric,Happy,Creative,Relaxed,Focused","Diesel,Sweet,Skunk"
G13-Haze,hybrid,4.4,"Happy,Relaxed,Euphoric,Creative,Focused","Sweet,Pine,Earthy"
G13-Widow,hybrid,4.8,"Creative,Euphoric,Focused,Tingly,Sleepy","Flowery,Lime,Earthy"
Gabriel-Sherbet,hybrid,5.0,"Euphoric,Relaxed,Uplifted,Happy,Focused","Berry,Minty,Sweet"
Galactic-Jack,sativa,4.6,"Energetic,Uplifted,Focused,Euphoric,Relaxed","Citrus,Flowery,Sweet"
Galactica-Og,indica,5.0,"Euphoric,Focused,Relaxed","Spicy,Herbal, Earthy, Pungent"
Game-Changer,hybrid,4.5,"Relaxed,Happy,Uplifted,Euphoric,Sleepy","Apple,Grape,Earthy"
Gandalf-Og,indica,4.9,"Sleepy,Relaxed,Happy,Euphoric,Tingly","Grape,Sweet,Pine"
Ganesh-Berry,hybrid,4.6,"Euphoric,Relaxed,Uplifted,Creative,Focused","Berry,Flowery,Sweet"
Garlic-Bud,indica,4.1,"Relaxed,Happy,Creative,Uplifted,Tingly","Pepper,Woody,Earthy"
Gas-Mask,indica,4.2,"Sleepy,Tingly,Euphoric,Relaxed","Pungent,Diesel,Chemical"
Gatekeeper-Og,hybrid,5.0,"Euphoric,Relaxed,Sleepy,Uplifted,Focused","Flowery,Sweet,Earthy"
Gelato,hybrid,4.7,"Relaxed,Happy,Euphoric,Uplifted,Creative","Pungent,Flowery,Sweet"
Gemstone,hybrid,4.8,"Happy,Relaxed,Focused,Euphoric,Uplifted","Citrus,Flowery,Earthy"
Georgia-Pine,hybrid,4.8,"Euphoric,Uplifted,Energetic,Happy,Relaxed","Flowery,Sweet,Pine"
Gg-1,hybrid,4.5,"Relaxed,Euphoric,Happy,Sleepy,Uplifted","Pungent,Pine,Earthy"
Gg-4,hybrid,4.7,"Relaxed,Happy,Euphoric,Uplifted,Hungry","Pungent,Pine,Earthy"
Gg-5,hybrid,4.5,"Relaxed,Happy,Sleepy,Euphoric,Uplifted","Pungent,Woody,Earthy"
Ghost-Bubba,hybrid,4.6,"Happy,Energetic,Uplifted,Relaxed,Giggly","Grape,Pungent,Sweet"
Ghost-Cookies,hybrid,4.8,"Sleepy,Happy,Relaxed,Uplifted,Giggly","Blueberry,Berry,Earthy"
Ghost-Og,hybrid,4.5,"Relaxed,Happy,Uplifted,Euphoric,Hungry","Citrus,Sweet,Earthy"
Ghost-Og-Moonshine,indica,4.8,"Happy,Uplifted,Euphoric,Hungry,Relaxed","Pungent,Pine,Skunk"
Ghost-Ship,indica,4.0,"Relaxed,Happy,Sleepy,Euphoric,Tingly","Pungent,Skunk,Earthy"
Ghost-Train-Haze,sativa,4.6,"Uplifted,Happy,Energetic,Euphoric,Focused","Citrus,Pine,Earthy"
Gi-001,hybrid,5.0,"Creative,Focused,Energetic,Uplifted,Euphoric","Citrus,Lemon,Lime"
Gigabud,indica,4.4,"Relaxed,Uplifted,Happy,Tingly,Energetic","Sweet, Spicy,Herbal, Tropical"
Ginger-Ale,hybrid,4.9,"Euphoric,Happy,Relaxed,Creative,Giggly","Berry,Diesel,Earthy"
Glad-Max,hybrid,4.3,"Euphoric,Relaxed,Uplifted,Happy,Creative","Flowery,Sweet,Earthy"
Glass-Apple,hybrid,4.8,"Uplifted,Energetic,Focused,Euphoric,Happy","Minty,Apple,Sweet"
Glass-Slipper,hybrid,4.3,"Happy,Uplifted,Relaxed,Euphoric,Creative","Flowery,Sweet,Earthy"
Glue-Tech,hybrid,4.6,"Happy,Relaxed,Hungry,Uplifted,Euphoric","Berry,Sweet,Earthy"
Go-Time,hybrid,4.3,"Focused,Uplifted,Energetic,Euphoric,Relaxed","Woody,Tea,Earthy"
Goat,hybrid,4.4,"Euphoric,Relaxed,Sleepy,Energetic,Happy","Sage,Lemon,Earthy"
Gobbilygoo,indica,4.5,"Hungry,Euphoric,Relaxed,Happy,Sleepy","Berry,Grape,Lavender"
Gobbstopper,indica,4.5,"Happy,Relaxed,Sleepy,Creative,Euphoric","Spicy,Herbal, Sweet, Berry"
God-Bud,indica,4.3,"Relaxed,Happy,Euphoric,Uplifted,Sleepy","Pungent,Sweet,Earthy"
Godberry,indica,4.6,"Relaxed,Happy,Hungry,Sleepy,Euphoric","Blueberry,Berry,Earthy"
Godfather-Og,indica,4.6,"Relaxed,Sleepy,Happy,Euphoric,Hungry","Earthy, Pine, Spicy,Herbal"
Godfather-Purple-Kush,indica,4.3,"Euphoric,Relaxed,Happy,Sleepy,Tingly","Berry, Spicy,Herbal, Pungent"
Gods-Bubba,indica,4.7,"Relaxed,Happy,Sleepy,Tingly,Uplifted","Pungent,Woody,Earthy"
Gods-Gift,indica,4.5,"Relaxed,Happy,Euphoric,Sleepy,Hungry","Sweet,Grape,Earthy"
Gods-Green-Crack,hybrid,4.5,"Relaxed,Happy,Euphoric,Uplifted,Energetic","Woody,Sweet,Earthy"
Gods-Treat,indica,4.7,"Uplifted,Euphoric,Happy,Focused,Energetic","Blueberry,Berry,Flowery"
Godzilla,indica,4.3,"Relaxed,Euphoric,Happy,Hungry,Tingly","Flowery,Woody,Earthy"
Godzilla-Blood,hybrid,4.3,"Uplifted, Happy, Euphoric","Berry, Sour, Spicy"
Godzilla-Glue,hybrid,4.7,"Uplifted,Focused,Happy,Relaxed,Euphoric","Tropical, Spicy,Herbal, Sweet"
Gog-Magog,indica,4.5,"Sleepy,Hungry,Uplifted,Euphoric,Happy","Earthy, Pungent, Spicy,Herbal"
Goji-Diesel,hybrid,4.8,"Euphoric,Focused,Uplifted,Creative,Happy",Diesel
Goji-Og,hybrid,4.5,"Happy,Relaxed,Uplifted,Euphoric,Creative","Berry,Citrus,Sweet"
Gold-Kings-Thai,sativa,4.5,"Energetic,Happy,Aroused,Uplifted,Creative","Citrus,Lime,Earthy"
Goldberry,indica,4.5,"Euphoric,Tingly,Creative,Happy,Focused","Minty,Earthy,Woody"
Golden-Calyx,sativa,5.0,"Relaxed,Uplifted,Energetic,Happy,Aroused","Citrus,Sweet,Tropical"
Golden-Gage,hybrid,4.4,"Happy,Energetic,Talkative,Giggly,Uplifted","Pepper, Spicy,Herbal, Citrus"
Golden-Goat,hybrid,4.5,"Uplifted,Happy,Euphoric,Relaxed,Energetic","Citrus,Sweet,Tropical"
Golden-Lemon,hybrid,4.7,"Uplifted,Relaxed,Euphoric,Tingly,Happy","Citrus,Lemon,Sweet"
Golden-Nugget,hybrid,4.8,"Uplifted,Creative,Focused,Happy,Aroused","Skunk,Sweet,Lime"
Golden-Panda,hybrid,4.6,"Relaxed,Happy,Euphoric,Uplifted,Hungry","Pungent,Citrus,Sweet"
Golden-Pineapple,hybrid,4.5,"Happy,Euphoric,Uplifted,Relaxed,Creative","Tropical,Citrus,Pineapple"
Golden-Soda,hybrid,4.5,"Relaxed, Happy, Uplifted","Citrus, Sweet, Grape"
Golden-State-Banana,indica,4.8,"Euphoric,Relaxed,Sleepy,Creative,Happy","Citrus,Sweet,Tropical"
Golden-Tangie,sativa,3.5,"Focused,Happy,Aroused,Energetic,Tingly","Citrus,Orange,Earthy"
Golden-Ticket,hybrid,4.5,"Happy,Euphoric,Uplifted,Relaxed,Creative","Citrus,Lemon,Earthy"
Golden-Tiger,sativa,5.0,"Talkative,Uplifted,Energetic,Euphoric,Happy","Minty,Lemon,Apricot"
Goldwing,sativa,4.7,"Uplifted,Happy,Euphoric,Creative,Energetic"," Sweet,Herbal"
Goo,indica,4.3,"Relaxed,Sleepy,Hungry,Euphoric,Happy","Blueberry,Berry,Sweet"
Gooberry,indica,4.3,"Sleepy,Aroused,Hungry,Relaxed,Happy","Blueberry,Berry,Sweet"
Good-Medicine,hybrid,4.3,"Uplifted,Energetic,Happy,Focused,Talkative","Earthy, Spicy,Herbal, Citrus"
Gorilla-Biscuit,indica,4.7,"Relaxed,Euphoric,Creative,Sleepy,Happy","Cheese,Coffee,Pine"
Gorilla-Cookies,hybrid,4.8,"Relaxed,Happy,Euphoric,Uplifted,Sleepy","Minty,Sweet,Earthy"
Gorilla-Grips,indica,5.0,"Sleepy,Uplifted,Euphoric,Happy,Relaxed","Blueberry,Berry,Grape"
Gorkle,sativa,5.0,"Relaxed,Happy,Creative,Focused,Aroused",Sweet
Government-Mule,indica,4.0,"Euphoric,Relaxed","Flowery,Lemon,Sweet"
Grand-Doggy-Purps,indica,4.4,"Relaxed,Happy,Euphoric,Uplifted,Tingly","Grape,Sweet,Earthy"
Grand-Hindu,indica,4.6,"Relaxed,Happy,Euphoric,Focused,Uplifted","Berry,Grape,Sweet"
Grand-Hustle,hybrid,4.1,"Uplifted,Relaxed,Euphoric,Focused,Giggly","Honey,Citrus,Earthy"
Granddaddy-Purple,indica,4.4,"Relaxed,Sleepy,Happy,Euphoric,Hungry","Berry,Grape,Sweet"
Grandmas-Batch,hybrid,4.8,"Euphoric,Happy,Tingly,Uplifted,Creative","Flowery,Lemon,Butter"
Grandmas-Sugar-Cookies,indica,5.0,"Relaxed,Happy,Energetic,Focused,Creative","Pungent,Cheese,Sweet"
Grandpa-Larry-Og,indica,4.4,"Euphoric,Happy,Relaxed,Sleepy,Focused","Pungent,Grape,Earthy"
Grandpas-Breath,indica,4.7,"Relaxed,Euphoric,Sleepy,Uplifted,Creative","Flowery,Lavender,Earthy"
Grape-Ape,indica,4.3,"Relaxed,Sleepy,Happy,Euphoric,Uplifted","Berry,Grape,Sweet"
Grape-Calyx,hybrid,5.0,"Uplifted,Creative,Euphoric,Happy,Hungry","Grape,Flowery,Sweet"
Grape-Cookies,indica,4.6,"Relaxed,Creative,Uplifted,Sleepy,Euphoric","Berry,Diesel,Grape"
Grape-Crush,hybrid,4.3,"Happy,Uplifted,Talkative,Hungry,Energetic","Berry,Grape,Sweet"
Grape-Dawg,hybrid,4.4,"Relaxed, Happy, Sleepy, Hungry"," Earthy, Sweet,Fruity"
Grape-Drink,indica,4.7,"Tingly,Creative,Euphoric,Giggly,Happy","Flowery,Grape,Sweet"
Grape-God,hybrid,4.3,"Relaxed,Happy,Euphoric,Uplifted,Sleepy","Berry,Grape,Sweet"
Grape-Inferno,indica,4.5,"Relaxed,Happy,Sleepy,Euphoric,Tingly","Diesel,Grape,Sweet"
Grape-Krush,indica,4.3,"Happy,Uplifted,Talkative,Hungry,Energetic","Berry,Grape,Sweet"
Grape-Kush,hybrid,3.9,"Relaxed,Happy,Giggly,Sleepy,Euphoric","Earthy,Grape,Sweet"
Grape-Ox,indica,4.6,"Sleepy,Relaxed,Hungry,Tingly,Uplifted","Cheese,Grape,Sweet"
Grape-Skunk,indica,4.1,"Happy,Relaxed,Giggly,Tingly,Euphoric","Grape,Skunk,Sweet"
Grape-Soda,hybrid,4.9,"Relaxed,Happy,Euphoric,Uplifted,Creative","Citrus,Grape,Sweet"
Grape-Valley-Kush,indica,4.8,"Relaxed,Sleepy,Euphoric,Happy,Aroused","Berry,Grape,Pine"
Grapefruit,sativa,4.3,"Uplifted,Energetic,Happy,Euphoric,Focused","Grapefruit,Citrus,Sweet"
Grapefruit-Diesel,hybrid,4.2,"Focused,Energetic,Relaxed,Euphoric,Happy","Grapefruit,Citrus,Diesel"
Grapefruit-Haze,sativa,4.4,"Uplifted,Happy,Energetic,Euphoric,Relaxed","Grapefruit,Diesel,Earthy"
Grapefruit-Kush,hybrid,4.3,"Happy,Uplifted,Relaxed,Focused,Creative","Grapefruit,Citrus,Sweet"
Gravity,indica,4.0,"Sleepy,Hungry,Relaxed,Aroused,Euphoric","Citrus,Sweet,Rose"
Grease-Monkey,hybrid,4.6,"Relaxed,Euphoric,Sleepy,Happy,Hungry","Pungent,Diesel,Earthy"
Green-Avenger,hybrid,5.0,"Energetic,Happy,Uplifted,Creative,Euphoric","Honey,Minty,Sweet"
Green-Candy,sativa,4.3,"Uplifted,Happy,Relaxed,Focused,Giggly","Tobacco,Sweet,Earthy"
Green-Cheese,hybrid,4.1,"Euphoric,Relaxed,Energetic,Focused,Creative","Pungent,Cheese,Earthy"
Green-Crack,sativa,4.3,"Energetic,Happy,Uplifted,Focused,Euphoric","Citrus,Sweet,Earthy"
Green-Crack-Extreme,sativa,4.6,"Energetic,Creative,Focused,Euphoric,Uplifted","Sweet, Earthy, Spicy,Herbal"
Green-Door-Kush,hybrid,4.5,"Happy,Relaxed,Euphoric,Creative,Hungry","Spicy,Herbal, Citrus, Woody"
Green-Dragon,indica,4.2,"Uplifted,Happy,Focused,Energetic,Relaxed","Pungent,Sweet,Earthy"
Green-Dream,hybrid,4.4,"Happy,Uplifted,Creative,Euphoric,Hungry","Citrus,Flowery,Earthy"
Green-Goblin,sativa,4.3,"Uplifted,Euphoric,Happy,Focused,Creative","Diesel,Sweet,Pine"
Green-Goddess,hybrid,4.6,"Euphoric,Relaxed,Aroused,Happy,Uplifted","Citrus,Flowery,Earthy"
Green-Haze,sativa,3.8,"Happy,Talkative,Creative,Focused,Hungry","Flowery,Woody,Earthy"
Green-Hornet,hybrid,4.2,"Euphoric,Uplifted,Relaxed,Giggly,Happy","Woody,Sweet,Pine"
Green-Kush,indica,3.8,"Euphoric,Hungry,Energetic,Relaxed,Focused","Citrus,Sweet,Earthy"
Green-Lantern,sativa,4.6,"Uplifted,Energetic,Talkative,Focused,Hungry","Citrus,Pine,Earthy"
Green-Line-Og,hybrid,5.0,"Happy,Relaxed,Sleepy,Hungry,Uplifted","Skunk,Sweet,Lime"
Green-Love-Potion,indica,4.1,"Creative,Hungry,Relaxed,Uplifted,Happy","Spicy,Herbal, Lavender, Sweet"
Green-Mango,indica,4.4,"Euphoric,Uplifted,Happy,Creative,Relaxed","Citrus,Woody,Earthy"
Green-Monster,hybrid,3.7,"Happy,Relaxed,Uplifted,Hungry,Giggly","Chemical,Tar,Earthy"
Green-Poison,indica,4.2,"Relaxed,Happy,Euphoric,Sleepy,Hungry","Flowery,Sweet,Earthy"
Green-Python,indica,4.3,"Sleepy,Euphoric,Happy,Relaxed,Tingly","Woody,Sweet,Earthy"
Green-Queen,hybrid,4.2,"Happy,Hungry,Energetic,Euphoric,Creative","Citrus,Sweet,Pine"
Green-Ribbon,hybrid,4.2,"Energetic,Happy,Focused,Creative,Talkative","Flowery,Sweet,Earthy"
Gremlin,hybrid,4.4,"Euphoric,Relaxed,Uplifted,Aroused,Sleepy","Pungent,Citrus,Sweet"
Grilled-Cheese,hybrid,4.7,"Uplifted,Creative,Energetic,Euphoric,Focused","Pungent,Cheese,Pepper"
Grimace,indica,4.4,"Relaxed,Happy,Sleepy,Euphoric,Hungry","Pungent,Sweet,Earthy"
Grimace-Og,indica,4.3,"Sleepy,Euphoric,Relaxed,Aroused,Happy","Pungent, Diesel, Spicy,Herbal"
Grimmdica,indica,5.0,"Euphoric,Relaxed"," Butter, Cheese,Earthy"
Griz-Kush,hybrid,4.5,"Happy,Euphoric,Creative,Uplifted,Energetic","Pungent,Lemon,Skunk"
Gsc,hybrid,4.5,"Relaxed,Happy,Euphoric,Uplifted,Creative","Pungent,Sweet,Earthy"
Gto,hybrid,4.0,"Energetic,Focused,Uplifted,Creative,Euphoric",Blueberry
Guard-Dawg,indica,4.2,"Happy,Relaxed,Sleepy,Euphoric","Diesel,Sweet,Earthy"
Guava-Chem,hybrid,4.5,"Relaxed,Creative,Happy,Focused,Euphoric","Chemical,Sweet,Tropical"
Guava-Gelato,hybrid,4.3,"Sleepy,Euphoric,Happy,Relaxed,Uplifted","Minty,Grapefruit,Tropical"
Guava-Kush,hybrid,4.1,"Relaxed,Sleepy,Happy,Uplifted,Euphoric","Peach,Sweet,Tropical"
Gucci-Og,hybrid,4.7,"Euphoric,Happy,Uplifted,Relaxed,Energetic","Lemon,Sweet,Pine"
Guido-Kush,indica,4.1,"Euphoric,Uplifted,Creative,Relaxed,Sleepy"," Sweet, Berry,Fruity"
Gumbo,indica,4.6,"Relaxed,Euphoric,Happy,Sleepy,Hungry","Flowery,Sweet,Earthy"
Gummo,hybrid,5.0,"Euphoric,Uplifted,Happy,Relaxed,Aroused","Citrus,Orange,Sweet"
Gummy-Bears,hybrid,4.2,"Relaxed,Uplifted,Happy,Euphoric,Sleepy","Berry,Strawberry,Sweet"
Gupta-Haze,hybrid,5.0,"Relaxed,Happy,Sleepy,Euphoric,Giggly","Citrus,Lemon,Earthy"
Gupta-Kush,hybrid,4.3,"Relaxed,Sleepy,Hungry,Aroused,Happy","Woody,Sweet,Earthy"
Guptilla,hybrid,5.0,"Happy,Relaxed,Euphoric,Focused,Sleepy","Pepper,Orange,Grape"
Gutbuster,indica,4.5,"Relaxed,Sleepy,Giggly,Tingly,Happy","Blueberry,Berry,Woody"
Hades-Haze,indica,4.7,"Relaxed,Sleepy,Talkative,Euphoric,Giggly","Minty,Citrus,Earthy"
Haleighs-Hope,hybrid,4.8,"Relaxed,Happy,Uplifted,Talkative,Euphoric","Pungent,Pine,Earthy"
Hammerhead,indica,5.0,"Sleepy,Aroused,Tingly,Relaxed,Uplifted","Berry,Diesel,Earthy"
Hannibal-Nectar,indica,4.4,"Uplifted,Euphoric,Happy,Sleepy,Creative","Strawberry,Vanilla,Earthy"
Haole,hybrid,4.1,"Euphoric,Relaxed,Happy,Uplifted,Creative","Pungent,Sweet,Earthy"
Haoma,indica,4.8,"Relaxed,Happy,Sleepy,Hungry,Uplifted","Citrus,Flowery,Earthy"
Haoma-Mist,hybrid,5.0,"Tingly,Happy,Relaxed,Uplifted,Euphoric","Citrus,Flowery,Sweet"
Hardcore-Og,indica,4.6,"Relaxed,Happy,Uplifted,Sleepy,Tingly","Berry,Sweet,Earthy"
Harle-Tsu,hybrid,4.4,"Relaxed,Happy,Uplifted,Focused,Euphoric","Earthy, Woody, Spicy,Herbal"
Harlequin,sativa,4.3,"Relaxed,Focused,Happy,Uplifted,Energetic","Woody,Sweet,Earthy"
Harlequin-Gdp,hybrid,4.2,"Relaxed,Talkative,Tingly,Energetic,Euphoric","Minty,Earthy"
Harley-Storm,sativa,4.8,"Relaxed,Uplifted,Creative,Euphoric,Happy","Spicy,Herbal, Sweet, Tropical"
Harley-Twin,sativa,5.0,"Uplifted,Creative,Energetic,Euphoric,Relaxed",Sweet
Harmonia,indica,4.3,"Relaxed,Happy,Uplifted,Focused,Sleepy","Tropical,Sweet,Earthy"
Harmony,hybrid,4.4,"Relaxed,Euphoric,Focused,Creative,Happy","Citrus,Woody,Lemon"
Harry-Potter,hybrid,4.8,"Relaxed,Happy,Uplifted,Creative,Giggly","Citrus,Lemon,Sweet"
Hash-Plant,indica,4.2,"Relaxed,Sleepy,Happy,Euphoric,Hungry","Earthy, Spicy,Herbal, Diesel"
Hashbar-Og,indica,4.5,"Euphoric,Happy,Relaxed,Creative,Focused","Sweet,Skunk,Earthy"
Hashberry,indica,4.3,"Relaxed,Euphoric,Hungry,Happy,Focused","Berry,Sweet,Minty"
Hashplant-Haze,sativa,4.4,"Happy,Uplifted,Relaxed,Euphoric,Sleepy","Blueberry,Orange,Sweet"
Hawaii-78,sativa,4.8,"Creative,Euphoric,Happy,Relaxed,Sleepy","Tropical,Sweet,Pineapple"
Hawaiian,sativa,4.2,"Uplifted,Relaxed,Euphoric,Talkative,Giggly","Citrus,Sweet,Tropical"
Hawaiian-Cookies,hybrid,4.6,"Happy,Relaxed,Creative,Energetic,Aroused","Citrus,Sweet,Pineapple"
Hawaiian-Delight,indica,3.8,"Happy,Relaxed,Aroused,Uplifted,Euphoric","Pungent,Diesel,Sweet"
